nohup: ignoring input
[2026-07-26 17:21:00,222] [INFO] [bot.middlewares.parse_mode_fallback] - 🌐 Telegram Bot API: https://api.telegram.org (стандартный)
[2026-07-26 17:21:00,470] [INFO] [__main__] - 🚀 Бот запускается...
[2026-07-26 17:21:00,476] [INFO] [database.migrations] - ✅ БД соответствует версии 85. Миграция не требуется.
[2026-07-26 17:21:00,481] [INFO] [__main__] - User UI text cache loaded: 26 entries
[2026-07-26 17:21:00,493] [INFO] [__main__] - Required user pages validated: 80 entries
[2026-07-26 17:21:00,501] [INFO] [bot.utils.telegram_links] - Telegram link domain loaded: t.me
[2026-07-26 17:21:00,517] [INFO] [__main__] - Custom extensions не загружены: directory_missing
[2026-07-26 17:21:00,609] [INFO] [bot.services.custom_payment_webhooks] - Custom payment webhook server выключен
[2026-07-26 17:21:00,611] [INFO] [bot.services.scheduler] - 🕐 Планировщик ежедневных задач запущен
[2026-07-26 17:21:00,612] [INFO] [bot.services.scheduler] - Следующий запуск задач (03:00) через 9ч 38м
[2026-07-26 17:21:00,612] [INFO] [bot.services.scheduler] - 🕐 Планировщик обновлений запущен
[2026-07-26 17:21:00,614] [INFO] [bot.services.scheduler] - Следующая проверка обновлений (12:00) через 18ч 38м
[2026-07-26 17:21:00,614] [INFO] [bot.services.scheduler] - 📊 Планировщик синхронизации трафика запущен (каждые 5 мин, materialize каждые 30 мин)
[2026-07-26 17:21:00,614] [INFO] [bot.services.payment_auto_check] - Scheduler автопроверки API-платежей запущен
[2026-07-26 17:21:00,649] [INFO] [__main__] - ✅ Бот запущен: @XFI_VPN_bot
[2026-07-26 17:21:00,658] [INFO] [aiogram.dispatcher] - Start polling
[2026-07-26 17:21:00,699] [INFO] [aiogram.dispatcher] - Run polling for bot @XFI_VPN_bot id=8715181010 - 'XFi'
[2026-07-26 17:21:04,756] [ERROR] [aiogram.dispatcher] - Failed to fetch updates - TelegramConflictError: Telegram server says - Conflict: terminated by other getUpdates request; make sure that only one bot instance is running
[2026-07-26 17:21:04,757] [WARNING] [aiogram.dispatcher] - Sleep for 1.000000 seconds and try again... (tryings = 0, bot id = 8715181010)
[2026-07-26 17:21:09,809] [ERROR] [aiogram.dispatcher] - Failed to fetch updates - TelegramConflictError: Telegram server says - Conflict: terminated by other getUpdates request; make sure that only one bot instance is running
[2026-07-26 17:21:09,809] [WARNING] [aiogram.dispatcher] - Sleep for 1.384718 seconds and try again... (tryings = 1, bot id = 8715181010)
[2026-07-26 17:21:15,287] [ERROR] [aiogram.dispatcher] - Failed to fetch updates - TelegramConflictError: Telegram server says - Conflict: terminated by other getUpdates request; make sure that only one bot instance is running
[2026-07-26 17:21:15,287] [WARNING] [aiogram.dispatcher] - Sleep for 1.835765 seconds and try again... (tryings = 2, bot id = 8715181010)
[2026-07-26 17:21:21,711] [ERROR] [aiogram.dispatcher] - Failed to fetch updates - TelegramConflictError: Telegram server says - Conflict: terminated by other getUpdates request; make sure that only one bot instance is running
[2026-07-26 17:21:21,712] [WARNING] [aiogram.dispatcher] - Sleep for 2.430671 seconds and try again... (tryings = 3, bot id = 8715181010)
[2026-07-26 17:21:29,271] [ERROR] [aiogram.dispatcher] - Failed to fetch updates - TelegramConflictError: Telegram server says - Conflict: terminated by other getUpdates request; make sure that only one bot instance is running
[2026-07-26 17:21:29,271] [WARNING] [aiogram.dispatcher] - Sleep for 3.175497 seconds and try again... (tryings = 4, bot id = 8715181010)
[2026-07-26 17:21:30,621] [INFO] [bot.services.panels.xui] - Авторизация на 🇩🇪 Германия-1...
[2026-07-26 17:21:30,632] [INFO] [bot.services.panels.xui] - Обнаружена 3x-ui v3.0+ на 🇩🇪 Германия-1 (CSRF активен)
[2026-07-26 17:21:30,695] [INFO] [bot.services.panels.xui] - ✅ Успешная авторизация на 🇩🇪 Германия-1 (режим=csrf)
[2026-07-26 17:21:30,703] [INFO] [bot.services.panels.xui] - Не удалось вытянуть api_token с 🇩🇪 Германия-1, остаёмся в режиме csrf (cookie + X-CSRF-Token)
[2026-07-26 17:21:30,712] [INFO] [database.db_servers] - Обновлена диагностика 3x-ui для сервера ID 1: version=3.5.0, profile=clients_api
[2026-07-26 17:21:38,171] [ERROR] [aiogram.dispatcher] - Failed to fetch updates - TelegramConflictError: Telegram server says - Conflict: terminated by other getUpdates request; make sure that only one bot instance is running
[2026-07-26 17:21:38,171] [WARNING] [aiogram.dispatcher] - Sleep for 4.125440 seconds and try again... (tryings = 5, bot id = 8715181010)
[2026-07-26 17:21:46,338] [ERROR] [aiogram.dispatcher] - Failed to fetch updates - TelegramConflictError: Telegram server says - Conflict: terminated by other getUpdates request; make sure that only one bot instance is running
[2026-07-26 17:21:46,338] [WARNING] [aiogram.dispatcher] - Sleep for 5.024047 seconds and try again... (tryings = 6, bot id = 8715181010)
[2026-07-26 17:21:55,403] [ERROR] [aiogram.dispatcher] - Failed to fetch updates - TelegramConflictError: Telegram server says - Conflict: terminated by other getUpdates request; make sure that only one bot instance is running
[2026-07-26 17:21:55,404] [WARNING] [aiogram.dispatcher] - Sleep for 4.925582 seconds and try again... (tryings = 7, bot id = 8715181010)
[2026-07-26 17:22:04,553] [ERROR] [aiogram.dispatcher] - Failed to fetch updates - TelegramConflictError: Telegram server says - Conflict: terminated by other getUpdates request; make sure that only one bot instance is running
[2026-07-26 17:22:04,554] [WARNING] [aiogram.dispatcher] - Sleep for 4.997446 seconds and try again... (tryings = 8, bot id = 8715181010)
[2026-07-26 17:22:14,268] [ERROR] [aiogram.dispatcher] - Failed to fetch updates - TelegramConflictError: Telegram server says - Conflict: terminated by other getUpdates request; make sure that only one bot instance is running
[2026-07-26 17:22:14,268] [WARNING] [aiogram.dispatcher] - Sleep for 4.992239 seconds and try again... (tryings = 9, bot id = 8715181010)
[2026-07-26 17:22:24,467] [ERROR] [aiogram.dispatcher] - Failed to fetch updates - TelegramConflictError: Telegram server says - Conflict: terminated by other getUpdates request; make sure that only one bot instance is running
[2026-07-26 17:22:24,467] [WARNING] [aiogram.dispatcher] - Sleep for 5.043384 seconds and try again... (tryings = 10, bot id = 8715181010)
[2026-07-26 17:22:35,365] [ERROR] [aiogram.dispatcher] - Failed to fetch updates - TelegramConflictError: Telegram server says - Conflict: terminated by other getUpdates request; make sure that only one bot instance is running
[2026-07-26 17:22:35,365] [WARNING] [aiogram.dispatcher] - Sleep for 4.869091 seconds and try again... (tryings = 11, bot id = 8715181010)
[2026-07-26 17:22:43,992] [ERROR] [aiogram.dispatcher] - Failed to fetch updates - TelegramConflictError: Telegram server says - Conflict: terminated by other getUpdates request; make sure that only one bot instance is running
[2026-07-26 17:22:43,992] [WARNING] [aiogram.dispatcher] - Sleep for 4.925424 seconds and try again... (tryings = 12, bot id = 8715181010)
[2026-07-26 17:22:53,585] [ERROR] [aiogram.dispatcher] - Failed to fetch updates - TelegramConflictError: Telegram server says - Conflict: terminated by other getUpdates request; make sure that only one bot instance is running
[2026-07-26 17:22:53,586] [WARNING] [aiogram.dispatcher] - Sleep for 4.958418 seconds and try again... (tryings = 13, bot id = 8715181010)
[2026-07-26 17:23:03,559] [ERROR] [aiogram.dispatcher] - Failed to fetch updates - TelegramConflictError: Telegram server says - Conflict: terminated by other getUpdates request; make sure that only one bot instance is running
[2026-07-26 17:23:03,560] [WARNING] [aiogram.dispatcher] - Sleep for 5.057460 seconds and try again... (tryings = 14, bot id = 8715181010)
[2026-07-26 17:23:13,780] [ERROR] [aiogram.dispatcher] - Failed to fetch updates - TelegramConflictError: Telegram server says - Conflict: terminated by other getUpdates request; make sure that only one bot instance is running
[2026-07-26 17:23:13,781] [WARNING] [aiogram.dispatcher] - Sleep for 4.880294 seconds and try again... (tryings = 15, bot id = 8715181010)
[2026-07-26 17:23:23,852] [ERROR] [aiogram.dispatcher] - Failed to fetch updates - TelegramConflictError: Telegram server says - Conflict: terminated by other getUpdates request; make sure that only one bot instance is running
[2026-07-26 17:23:23,853] [WARNING] [aiogram.dispatcher] - Sleep for 5.260728 seconds and try again... (tryings = 16, bot id = 8715181010)
[2026-07-26 17:23:34,267] [ERROR] [aiogram.dispatcher] - Failed to fetch updates - TelegramConflictError: Telegram server says - Conflict: terminated by other getUpdates request; make sure that only one bot instance is running
[2026-07-26 17:23:34,267] [WARNING] [aiogram.dispatcher] - Sleep for 4.993701 seconds and try again... (tryings = 17, bot id = 8715181010)
[2026-07-26 17:23:44,159] [ERROR] [aiogram.dispatcher] - Failed to fetch updates - TelegramConflictError: Telegram server says - Conflict: terminated by other getUpdates request; make sure that only one bot instance is running
[2026-07-26 17:23:44,159] [WARNING] [aiogram.dispatcher] - Sleep for 4.884803 seconds and try again... (tryings = 18, bot id = 8715181010)
[2026-07-26 17:23:54,003] [ERROR] [aiogram.dispatcher] - Failed to fetch updates - TelegramConflictError: Telegram server says - Conflict: terminated by other getUpdates request; make sure that only one bot instance is running
[2026-07-26 17:23:54,005] [WARNING] [aiogram.dispatcher] - Sleep for 4.966808 seconds and try again... (tryings = 19, bot id = 8715181010)
[2026-07-26 17:24:04,074] [ERROR] [aiogram.dispatcher] - Failed to fetch updates - TelegramConflictError: Telegram server says - Conflict: terminated by other getUpdates request; make sure that only one bot instance is running
[2026-07-26 17:24:04,074] [WARNING] [aiogram.dispatcher] - Sleep for 4.858701 seconds and try again... (tryings = 20, bot id = 8715181010)
[2026-07-26 17:24:14,220] [ERROR] [aiogram.dispatcher] - Failed to fetch updates - TelegramConflictError: Telegram server says - Conflict: terminated by other getUpdates request; make sure that only one bot instance is running
[2026-07-26 17:24:14,220] [WARNING] [aiogram.dispatcher] - Sleep for 4.956528 seconds and try again... (tryings = 21, bot id = 8715181010)
[2026-07-26 17:24:24,374] [ERROR] [aiogram.dispatcher] - Failed to fetch updates - TelegramConflictError: Telegram server says - Conflict: terminated by other getUpdates request; make sure that only one bot instance is running
[2026-07-26 17:24:24,374] [WARNING] [aiogram.dispatcher] - Sleep for 4.880332 seconds and try again... (tryings = 22, bot id = 8715181010)
[2026-07-26 17:24:34,401] [ERROR] [aiogram.dispatcher] - Failed to fetch updates - TelegramConflictError: Telegram server says - Conflict: terminated by other getUpdates request; make sure that only one bot instance is running
[2026-07-26 17:24:34,402] [WARNING] [aiogram.dispatcher] - Sleep for 5.139919 seconds and try again... (tryings = 23, bot id = 8715181010)
[2026-07-26 17:24:44,549] [ERROR] [aiogram.dispatcher] - Failed to fetch updates - TelegramConflictError: Telegram server says - Conflict: terminated by other getUpdates request; make sure that only one bot instance is running
[2026-07-26 17:24:44,549] [WARNING] [aiogram.dispatcher] - Sleep for 4.902727 seconds and try again... (tryings = 24, bot id = 8715181010)
[2026-07-26 17:24:54,656] [ERROR] [aiogram.dispatcher] - Failed to fetch updates - TelegramConflictError: Telegram server says - Conflict: terminated by other getUpdates request; make sure that only one bot instance is running
[2026-07-26 17:24:54,656] [WARNING] [aiogram.dispatcher] - Sleep for 5.023105 seconds and try again... (tryings = 25, bot id = 8715181010)
[2026-07-26 17:25:04,597] [ERROR] [aiogram.dispatcher] - Failed to fetch updates - TelegramConflictError: Telegram server says - Conflict: terminated by other getUpdates request; make sure that only one bot instance is running
[2026-07-26 17:25:04,597] [WARNING] [aiogram.dispatcher] - Sleep for 5.050324 seconds and try again... (tryings = 26, bot id = 8715181010)
[2026-07-26 17:25:14,763] [ERROR] [aiogram.dispatcher] - Failed to fetch updates - TelegramConflictError: Telegram server says - Conflict: terminated by other getUpdates request; make sure that only one bot instance is running
[2026-07-26 17:25:14,763] [WARNING] [aiogram.dispatcher] - Sleep for 4.823246 seconds and try again... (tryings = 27, bot id = 8715181010)
[2026-07-26 17:25:24,737] [ERROR] [aiogram.dispatcher] - Failed to fetch updates - TelegramConflictError: Telegram server says - Conflict: terminated by other getUpdates request; make sure that only one bot instance is running
[2026-07-26 17:25:24,737] [WARNING] [aiogram.dispatcher] - Sleep for 5.186195 seconds and try again... (tryings = 28, bot id = 8715181010)
[2026-07-26 17:25:35,004] [ERROR] [aiogram.dispatcher] - Failed to fetch updates - TelegramConflictError: Telegram server says - Conflict: terminated by other getUpdates request; make sure that only one bot instance is running
[2026-07-26 17:25:35,005] [WARNING] [aiogram.dispatcher] - Sleep for 4.989913 seconds and try again... (tryings = 29, bot id = 8715181010)
[2026-07-26 17:25:45,188] [ERROR] [aiogram.dispatcher] - Failed to fetch updates - TelegramConflictError: Telegram server says - Conflict: terminated by other getUpdates request; make sure that only one bot instance is running
[2026-07-26 17:25:45,189] [WARNING] [aiogram.dispatcher] - Sleep for 4.990390 seconds and try again... (tryings = 30, bot id = 8715181010)
[2026-07-26 17:25:55,213] [ERROR] [aiogram.dispatcher] - Failed to fetch updates - TelegramConflictError: Telegram server says - Conflict: terminated by other getUpdates request; make sure that only one bot instance is running
[2026-07-26 17:25:55,213] [WARNING] [aiogram.dispatcher] - Sleep for 5.029942 seconds and try again... (tryings = 31, bot id = 8715181010)
[2026-07-26 17:26:05,317] [ERROR] [aiogram.dispatcher] - Failed to fetch updates - TelegramConflictError: Telegram server says - Conflict: terminated by other getUpdates request; make sure that only one bot instance is running
[2026-07-26 17:26:05,317] [WARNING] [aiogram.dispatcher] - Sleep for 4.988412 seconds and try again... (tryings = 32, bot id = 8715181010)
[2026-07-26 17:26:15,413] [ERROR] [aiogram.dispatcher] - Failed to fetch updates - TelegramConflictError: Telegram server says - Conflict: terminated by other getUpdates request; make sure that only one bot instance is running
[2026-07-26 17:26:15,413] [WARNING] [aiogram.dispatcher] - Sleep for 4.832028 seconds and try again... (tryings = 33, bot id = 8715181010)
[2026-07-26 17:26:25,385] [ERROR] [aiogram.dispatcher] - Failed to fetch updates - TelegramConflictError: Telegram server says - Conflict: terminated by other getUpdates request; make sure that only one bot instance is running
[2026-07-26 17:26:25,385] [WARNING] [aiogram.dispatcher] - Sleep for 5.053085 seconds and try again... (tryings = 34, bot id = 8715181010)
[2026-07-26 17:26:35,374] [ERROR] [aiogram.dispatcher] - Failed to fetch updates - TelegramConflictError: Telegram server says - Conflict: terminated by other getUpdates request; make sure that only one bot instance is running
[2026-07-26 17:26:35,375] [WARNING] [aiogram.dispatcher] - Sleep for 4.962118 seconds and try again... (tryings = 35, bot id = 8715181010)
[2026-07-26 17:26:45,447] [ERROR] [aiogram.dispatcher] - Failed to fetch updates - TelegramConflictError: Telegram server says - Conflict: terminated by other getUpdates request; make sure that only one bot instance is running
[2026-07-26 17:26:45,447] [WARNING] [aiogram.dispatcher] - Sleep for 5.070170 seconds and try again... (tryings = 36, bot id = 8715181010)
[2026-07-26 17:26:55,620] [ERROR] [aiogram.dispatcher] - Failed to fetch updates - TelegramConflictError: Telegram server says - Conflict: terminated by other getUpdates request; make sure that only one bot instance is running
[2026-07-26 17:26:55,620] [WARNING] [aiogram.dispatcher] - Sleep for 5.130359 seconds and try again... (tryings = 37, bot id = 8715181010)
[2026-07-26 17:27:05,833] [ERROR] [aiogram.dispatcher] - Failed to fetch updates - TelegramConflictError: Telegram server says - Conflict: terminated by other getUpdates request; make sure that only one bot instance is running
[2026-07-26 17:27:05,834] [WARNING] [aiogram.dispatcher] - Sleep for 5.081767 seconds and try again... (tryings = 38, bot id = 8715181010)
[2026-07-26 17:27:15,982] [ERROR] [aiogram.dispatcher] - Failed to fetch updates - TelegramConflictError: Telegram server says - Conflict: terminated by other getUpdates request; make sure that only one bot instance is running
[2026-07-26 17:27:15,982] [WARNING] [aiogram.dispatcher] - Sleep for 5.021688 seconds and try again... (tryings = 39, bot id = 8715181010)
[2026-07-26 17:27:26,031] [ERROR] [aiogram.dispatcher] - Failed to fetch updates - TelegramConflictError: Telegram server says - Conflict: terminated by other getUpdates request; make sure that only one bot instance is running
[2026-07-26 17:27:26,031] [WARNING] [aiogram.dispatcher] - Sleep for 4.966581 seconds and try again... (tryings = 40, bot id = 8715181010)
[2026-07-26 17:27:36,198] [ERROR] [aiogram.dispatcher] - Failed to fetch updates - TelegramConflictError: Telegram server says - Conflict: terminated by other getUpdates request; make sure that only one bot instance is running
[2026-07-26 17:27:36,199] [WARNING] [aiogram.dispatcher] - Sleep for 5.103457 seconds and try again... (tryings = 41, bot id = 8715181010)
[2026-07-26 17:27:46,289] [ERROR] [aiogram.dispatcher] - Failed to fetch updates - TelegramConflictError: Telegram server says - Conflict: terminated by other getUpdates request; make sure that only one bot instance is running
[2026-07-26 17:27:46,289] [WARNING] [aiogram.dispatcher] - Sleep for 4.776187 seconds and try again... (tryings = 42, bot id = 8715181010)
[2026-07-26 17:27:56,094] [ERROR] [aiogram.dispatcher] - Failed to fetch updates - TelegramConflictError: Telegram server says - Conflict: terminated by other getUpdates request; make sure that only one bot instance is running
[2026-07-26 17:27:56,094] [WARNING] [aiogram.dispatcher] - Sleep for 4.967107 seconds and try again... (tryings = 43, bot id = 8715181010)
[2026-07-26 17:28:06,060] [ERROR] [aiogram.dispatcher] - Failed to fetch updates - TelegramConflictError: Telegram server says - Conflict: terminated by other getUpdates request; make sure that only one bot instance is running
[2026-07-26 17:28:06,061] [WARNING] [aiogram.dispatcher] - Sleep for 4.970750 seconds and try again... (tryings = 44, bot id = 8715181010)
[2026-07-26 17:28:16,211] [ERROR] [aiogram.dispatcher] - Failed to fetch updates - TelegramConflictError: Telegram server says - Conflict: terminated by other getUpdates request; make sure that only one bot instance is running
[2026-07-26 17:28:16,211] [WARNING] [aiogram.dispatcher] - Sleep for 5.207308 seconds and try again... (tryings = 45, bot id = 8715181010)
[2026-07-26 17:28:26,443] [ERROR] [aiogram.dispatcher] - Failed to fetch updates - TelegramConflictError: Telegram server says - Conflict: terminated by other getUpdates request; make sure that only one bot instance is running
[2026-07-26 17:28:26,443] [WARNING] [aiogram.dispatcher] - Sleep for 5.177900 seconds and try again... (tryings = 46, bot id = 8715181010)
[2026-07-26 17:28:36,677] [ERROR] [aiogram.dispatcher] - Failed to fetch updates - TelegramConflictError: Telegram server says - Conflict: terminated by other getUpdates request; make sure that only one bot instance is running
[2026-07-26 17:28:36,677] [WARNING] [aiogram.dispatcher] - Sleep for 4.885485 seconds and try again... (tryings = 47, bot id = 8715181010)
[2026-07-26 17:28:46,436] [ERROR] [aiogram.dispatcher] - Failed to fetch updates - TelegramConflictError: Telegram server says - Conflict: terminated by other getUpdates request; make sure that only one bot instance is running
[2026-07-26 17:28:46,436] [WARNING] [aiogram.dispatcher] - Sleep for 4.874812 seconds and try again... (tryings = 48, bot id = 8715181010)
[2026-07-26 17:28:56,389] [ERROR] [aiogram.dispatcher] - Failed to fetch updates - TelegramConflictError: Telegram server says - Conflict: terminated by other getUpdates request; make sure that only one bot instance is running
[2026-07-26 17:28:56,389] [WARNING] [aiogram.dispatcher] - Sleep for 5.079704 seconds and try again... (tryings = 49, bot id = 8715181010)
[2026-07-26 17:29:06,526] [ERROR] [aiogram.dispatcher] - Failed to fetch updates - TelegramConflictError: Telegram server says - Conflict: terminated by other getUpdates request; make sure that only one bot instance is running
[2026-07-26 17:29:06,527] [WARNING] [aiogram.dispatcher] - Sleep for 4.923441 seconds and try again... (tryings = 50, bot id = 8715181010)
[2026-07-26 17:29:16,555] [ERROR] [aiogram.dispatcher] - Failed to fetch updates - TelegramConflictError: Telegram server says - Conflict: terminated by other getUpdates request; make sure that only one bot instance is running
[2026-07-26 17:29:16,555] [WARNING] [aiogram.dispatcher] - Sleep for 5.117017 seconds and try again... (tryings = 51, bot id = 8715181010)
[2026-07-26 17:29:26,728] [ERROR] [aiogram.dispatcher] - Failed to fetch updates - TelegramConflictError: Telegram server says - Conflict: terminated by other getUpdates request; make sure that only one bot instance is running
[2026-07-26 17:29:26,729] [WARNING] [aiogram.dispatcher] - Sleep for 5.076468 seconds and try again... (tryings = 52, bot id = 8715181010)
[2026-07-26 17:29:36,717] [ERROR] [aiogram.dispatcher] - Failed to fetch updates - TelegramConflictError: Telegram server says - Conflict: terminated by other getUpdates request; make sure that only one bot instance is running
[2026-07-26 17:29:36,717] [WARNING] [aiogram.dispatcher] - Sleep for 5.094748 seconds and try again... (tryings = 53, bot id = 8715181010)
[2026-07-26 17:29:46,867] [ERROR] [aiogram.dispatcher] - Failed to fetch updates - TelegramConflictError: Telegram server says - Conflict: terminated by other getUpdates request; make sure that only one bot instance is running
[2026-07-26 17:29:46,867] [WARNING] [aiogram.dispatcher] - Sleep for 4.973163 seconds and try again... (tryings = 54, bot id = 8715181010)
[2026-07-26 17:29:56,959] [ERROR] [aiogram.dispatcher] - Failed to fetch updates - TelegramConflictError: Telegram server says - Conflict: terminated by other getUpdates request; make sure that only one bot instance is running
[2026-07-26 17:29:56,959] [WARNING] [aiogram.dispatcher] - Sleep for 5.091381 seconds and try again... (tryings = 55, bot id = 8715181010)
[2026-07-26 17:30:06,984] [ERROR] [aiogram.dispatcher] - Failed to fetch updates - TelegramConflictError: Telegram server says - Conflict: terminated by other getUpdates request; make sure that only one bot instance is running
[2026-07-26 17:30:06,984] [WARNING] [aiogram.dispatcher] - Sleep for 5.073964 seconds and try again... (tryings = 56, bot id = 8715181010)
[2026-07-26 17:30:17,317] [ERROR] [aiogram.dispatcher] - Failed to fetch updates - TelegramConflictError: Telegram server says - Conflict: terminated by other getUpdates request; make sure that only one bot instance is running
[2026-07-26 17:30:17,318] [WARNING] [aiogram.dispatcher] - Sleep for 5.088260 seconds and try again... (tryings = 57, bot id = 8715181010)
[2026-07-26 17:30:27,384] [ERROR] [aiogram.dispatcher] - Failed to fetch updates - TelegramConflictError: Telegram server says - Conflict: terminated by other getUpdates request; make sure that only one bot instance is running
[2026-07-26 17:30:27,384] [WARNING] [aiogram.dispatcher] - Sleep for 5.041580 seconds and try again... (tryings = 58, bot id = 8715181010)
[2026-07-26 17:30:37,664] [ERROR] [aiogram.dispatcher] - Failed to fetch updates - TelegramConflictError: Telegram server says - Conflict: terminated by other getUpdates request; make sure that only one bot instance is running
[2026-07-26 17:30:37,665] [WARNING] [aiogram.dispatcher] - Sleep for 4.662177 seconds and try again... (tryings = 59, bot id = 8715181010)
[2026-07-26 17:30:47,512] [ERROR] [aiogram.dispatcher] - Failed to fetch updates - TelegramConflictError: Telegram server says - Conflict: terminated by other getUpdates request; make sure that only one bot instance is running
[2026-07-26 17:30:47,512] [WARNING] [aiogram.dispatcher] - Sleep for 5.051518 seconds and try again... (tryings = 60, bot id = 8715181010)
[2026-07-26 17:30:57,445] [ERROR] [aiogram.dispatcher] - Failed to fetch updates - TelegramConflictError: Telegram server says - Conflict: terminated by other getUpdates request; make sure that only one bot instance is running
[2026-07-26 17:30:57,446] [WARNING] [aiogram.dispatcher] - Sleep for 5.175516 seconds and try again... (tryings = 61, bot id = 8715181010)
[2026-07-26 17:31:07,658] [ERROR] [aiogram.dispatcher] - Failed to fetch updates - TelegramConflictError: Telegram server says - Conflict: terminated by other getUpdates request; make sure that only one bot instance is running
[2026-07-26 17:31:07,659] [WARNING] [aiogram.dispatcher] - Sleep for 5.041495 seconds and try again... (tryings = 62, bot id = 8715181010)
[2026-07-26 17:31:17,698] [ERROR] [aiogram.dispatcher] - Failed to fetch updates - TelegramConflictError: Telegram server says - Conflict: terminated by other getUpdates request; make sure that only one bot instance is running
[2026-07-26 17:31:17,698] [WARNING] [aiogram.dispatcher] - Sleep for 5.062946 seconds and try again... (tryings = 63, bot id = 8715181010)
[2026-07-26 17:31:27,907] [ERROR] [aiogram.dispatcher] - Failed to fetch updates - TelegramConflictError: Telegram server says - Conflict: terminated by other getUpdates request; make sure that only one bot instance is running
[2026-07-26 17:31:27,908] [WARNING] [aiogram.dispatcher] - Sleep for 4.844571 seconds and try again... (tryings = 64, bot id = 8715181010)
[2026-07-26 17:31:37,692] [ERROR] [aiogram.dispatcher] - Failed to fetch updates - TelegramConflictError: Telegram server says - Conflict: terminated by other getUpdates request; make sure that only one bot instance is running
[2026-07-26 17:31:37,693] [WARNING] [aiogram.dispatcher] - Sleep for 5.056186 seconds and try again... (tryings = 65, bot id = 8715181010)
[2026-07-26 17:31:47,685] [ERROR] [aiogram.dispatcher] - Failed to fetch updates - TelegramConflictError: Telegram server says - Conflict: terminated by other getUpdates request; make sure that only one bot instance is running
[2026-07-26 17:31:47,685] [WARNING] [aiogram.dispatcher] - Sleep for 5.074998 seconds and try again... (tryings = 66, bot id = 8715181010)
[2026-07-26 17:31:57,798] [ERROR] [aiogram.dispatcher] - Failed to fetch updates - TelegramConflictError: Telegram server says - Conflict: terminated by other getUpdates request; make sure that only one bot instance is running
[2026-07-26 17:31:57,798] [WARNING] [aiogram.dispatcher] - Sleep for 4.916210 seconds and try again... (tryings = 67, bot id = 8715181010)
[2026-07-26 17:32:07,698] [ERROR] [aiogram.dispatcher] - Failed to fetch updates - TelegramConflictError: Telegram server says - Conflict: terminated by other getUpdates request; make sure that only one bot instance is running
[2026-07-26 17:32:07,698] [WARNING] [aiogram.dispatcher] - Sleep for 5.131603 seconds and try again... (tryings = 68, bot id = 8715181010)
[2026-07-26 17:32:17,776] [ERROR] [aiogram.dispatcher] - Failed to fetch updates - TelegramConflictError: Telegram server says - Conflict: terminated by other getUpdates request; make sure that only one bot instance is running
[2026-07-26 17:32:17,776] [WARNING] [aiogram.dispatcher] - Sleep for 4.960782 seconds and try again... (tryings = 69, bot id = 8715181010)
[2026-07-26 17:32:27,934] [ERROR] [aiogram.dispatcher] - Failed to fetch updates - TelegramConflictError: Telegram server says - Conflict: terminated by other getUpdates request; make sure that only one bot instance is running
[2026-07-26 17:32:27,934] [WARNING] [aiogram.dispatcher] - Sleep for 4.850935 seconds and try again... (tryings = 70, bot id = 8715181010)
[2026-07-26 17:32:37,871] [ERROR] [aiogram.dispatcher] - Failed to fetch updates - TelegramConflictError: Telegram server says - Conflict: terminated by other getUpdates request; make sure that only one bot instance is running
[2026-07-26 17:32:37,871] [WARNING] [aiogram.dispatcher] - Sleep for 4.988867 seconds and try again... (tryings = 71, bot id = 8715181010)
[2026-07-26 17:32:47,847] [ERROR] [aiogram.dispatcher] - Failed to fetch updates - TelegramConflictError: Telegram server says - Conflict: terminated by other getUpdates request; make sure that only one bot instance is running
[2026-07-26 17:32:47,847] [WARNING] [aiogram.dispatcher] - Sleep for 4.900161 seconds and try again... (tryings = 72, bot id = 8715181010)
[2026-07-26 17:32:57,862] [ERROR] [aiogram.dispatcher] - Failed to fetch updates - TelegramConflictError: Telegram server says - Conflict: terminated by other getUpdates request; make sure that only one bot instance is running
[2026-07-26 17:32:57,863] [WARNING] [aiogram.dispatcher] - Sleep for 5.000668 seconds and try again... (tryings = 73, bot id = 8715181010)
[2026-07-26 17:33:07,667] [ERROR] [aiogram.dispatcher] - Failed to fetch updates - TelegramConflictError: Telegram server says - Conflict: terminated by other getUpdates request; make sure that only one bot instance is running
[2026-07-26 17:33:07,667] [WARNING] [aiogram.dispatcher] - Sleep for 4.977059 seconds and try again... (tryings = 74, bot id = 8715181010)
[2026-07-26 17:33:17,838] [ERROR] [aiogram.dispatcher] - Failed to fetch updates - TelegramConflictError: Telegram server says - Conflict: terminated by other getUpdates request; make sure that only one bot instance is running
[2026-07-26 17:33:17,838] [WARNING] [aiogram.dispatcher] - Sleep for 5.145905 seconds and try again... (tryings = 75, bot id = 8715181010)
[2026-07-26 17:33:27,954] [ERROR] [aiogram.dispatcher] - Failed to fetch updates - TelegramConflictError: Telegram server says - Conflict: terminated by other getUpdates request; make sure that only one bot instance is running
[2026-07-26 17:33:27,954] [WARNING] [aiogram.dispatcher] - Sleep for 5.000232 seconds and try again... (tryings = 76, bot id = 8715181010)
[2026-07-26 17:33:38,073] [ERROR] [aiogram.dispatcher] - Failed to fetch updates - TelegramConflictError: Telegram server says - Conflict: terminated by other getUpdates request; make sure that only one bot instance is running
[2026-07-26 17:33:38,074] [WARNING] [aiogram.dispatcher] - Sleep for 5.007607 seconds and try again... (tryings = 77, bot id = 8715181010)
[2026-07-26 17:33:48,056] [ERROR] [aiogram.dispatcher] - Failed to fetch updates - TelegramConflictError: Telegram server says - Conflict: terminated by other getUpdates request; make sure that only one bot instance is running
[2026-07-26 17:33:48,057] [WARNING] [aiogram.dispatcher] - Sleep for 5.050656 seconds and try again... (tryings = 78, bot id = 8715181010)
[2026-07-26 17:33:58,094] [ERROR] [aiogram.dispatcher] - Failed to fetch updates - TelegramConflictError: Telegram server says - Conflict: terminated by other getUpdates request; make sure that only one bot instance is running
[2026-07-26 17:33:58,094] [WARNING] [aiogram.dispatcher] - Sleep for 4.961900 seconds and try again... (tryings = 79, bot id = 8715181010)
[2026-07-26 17:34:08,118] [ERROR] [aiogram.dispatcher] - Failed to fetch updates - TelegramConflictError: Telegram server says - Conflict: terminated by other getUpdates request; make sure that only one bot instance is running
[2026-07-26 17:34:08,118] [WARNING] [aiogram.dispatcher] - Sleep for 5.066436 seconds and try again... (tryings = 80, bot id = 8715181010)
[2026-07-26 17:34:18,329] [ERROR] [aiogram.dispatcher] - Failed to fetch updates - TelegramConflictError: Telegram server says - Conflict: terminated by other getUpdates request; make sure that only one bot instance is running
[2026-07-26 17:34:18,329] [WARNING] [aiogram.dispatcher] - Sleep for 4.918264 seconds and try again... (tryings = 81, bot id = 8715181010)
[2026-07-26 17:34:28,304] [ERROR] [aiogram.dispatcher] - Failed to fetch updates - TelegramConflictError: Telegram server says - Conflict: terminated by other getUpdates request; make sure that only one bot instance is running
[2026-07-26 17:34:28,304] [WARNING] [aiogram.dispatcher] - Sleep for 5.009293 seconds and try again... (tryings = 82, bot id = 8715181010)
[2026-07-26 17:34:38,253] [ERROR] [aiogram.dispatcher] - Failed to fetch updates - TelegramConflictError: Telegram server says - Conflict: terminated by other getUpdates request; make sure that only one bot instance is running
[2026-07-26 17:34:38,253] [WARNING] [aiogram.dispatcher] - Sleep for 4.979163 seconds and try again... (tryings = 83, bot id = 8715181010)
[2026-07-26 17:34:48,212] [ERROR] [aiogram.dispatcher] - Failed to fetch updates - TelegramConflictError: Telegram server says - Conflict: terminated by other getUpdates request; make sure that only one bot instance is running
[2026-07-26 17:34:48,212] [WARNING] [aiogram.dispatcher] - Sleep for 5.204105 seconds and try again... (tryings = 84, bot id = 8715181010)
[2026-07-26 17:34:58,371] [ERROR] [aiogram.dispatcher] - Failed to fetch updates - TelegramConflictError: Telegram server says - Conflict: terminated by other getUpdates request; make sure that only one bot instance is running
[2026-07-26 17:34:58,372] [WARNING] [aiogram.dispatcher] - Sleep for 4.913807 seconds and try again... (tryings = 85, bot id = 8715181010)
[2026-07-26 17:35:08,386] [ERROR] [aiogram.dispatcher] - Failed to fetch updates - TelegramConflictError: Telegram server says - Conflict: terminated by other getUpdates request; make sure that only one bot instance is running
[2026-07-26 17:35:08,386] [WARNING] [aiogram.dispatcher] - Sleep for 5.071068 seconds and try again... (tryings = 86, bot id = 8715181010)
[2026-07-26 17:35:18,547] [ERROR] [aiogram.dispatcher] - Failed to fetch updates - TelegramConflictError: Telegram server says - Conflict: terminated by other getUpdates request; make sure that only one bot instance is running
[2026-07-26 17:35:18,548] [WARNING] [aiogram.dispatcher] - Sleep for 4.855484 seconds and try again... (tryings = 87, bot id = 8715181010)
[2026-07-26 17:35:28,377] [ERROR] [aiogram.dispatcher] - Failed to fetch updates - TelegramConflictError: Telegram server says - Conflict: terminated by other getUpdates request; make sure that only one bot instance is running
[2026-07-26 17:35:28,377] [WARNING] [aiogram.dispatcher] - Sleep for 5.011751 seconds and try again... (tryings = 88, bot id = 8715181010)
[2026-07-26 17:35:38,529] [ERROR] [aiogram.dispatcher] - Failed to fetch updates - TelegramConflictError: Telegram server says - Conflict: terminated by other getUpdates request; make sure that only one bot instance is running
[2026-07-26 17:35:38,529] [WARNING] [aiogram.dispatcher] - Sleep for 4.983827 seconds and try again... (tryings = 89, bot id = 8715181010)
[2026-07-26 17:35:48,623] [ERROR] [aiogram.dispatcher] - Failed to fetch updates - TelegramConflictError: Telegram server says - Conflict: terminated by other getUpdates request; make sure that only one bot instance is running
[2026-07-26 17:35:48,623] [WARNING] [aiogram.dispatcher] - Sleep for 4.997087 seconds and try again... (tryings = 90, bot id = 8715181010)
[2026-07-26 17:35:58,664] [ERROR] [aiogram.dispatcher] - Failed to fetch updates - TelegramConflictError: Telegram server says - Conflict: terminated by other getUpdates request; make sure that only one bot instance is running
[2026-07-26 17:35:58,664] [WARNING] [aiogram.dispatcher] - Sleep for 4.901199 seconds and try again... (tryings = 91, bot id = 8715181010)
[2026-07-26 17:36:08,450] [ERROR] [aiogram.dispatcher] - Failed to fetch updates - TelegramConflictError: Telegram server says - Conflict: terminated by other getUpdates request; make sure that only one bot instance is running
[2026-07-26 17:36:08,450] [WARNING] [aiogram.dispatcher] - Sleep for 4.802915 seconds and try again... (tryings = 92, bot id = 8715181010)
[2026-07-26 17:36:18,439] [ERROR] [aiogram.dispatcher] - Failed to fetch updates - TelegramConflictError: Telegram server says - Conflict: terminated by other getUpdates request; make sure that only one bot instance is running
[2026-07-26 17:36:18,439] [WARNING] [aiogram.dispatcher] - Sleep for 5.005961 seconds and try again... (tryings = 93, bot id = 8715181010)
[2026-07-26 17:36:28,416] [ERROR] [aiogram.dispatcher] - Failed to fetch updates - TelegramConflictError: Telegram server says - Conflict: terminated by other getUpdates request; make sure that only one bot instance is running
[2026-07-26 17:36:28,416] [WARNING] [aiogram.dispatcher] - Sleep for 4.987121 seconds and try again... (tryings = 94, bot id = 8715181010)
[2026-07-26 17:36:38,358] [ERROR] [aiogram.dispatcher] - Failed to fetch updates - TelegramConflictError: Telegram server says - Conflict: terminated by other getUpdates request; make sure that only one bot instance is running
[2026-07-26 17:36:38,358] [WARNING] [aiogram.dispatcher] - Sleep for 5.033739 seconds and try again... (tryings = 95, bot id = 8715181010)
[2026-07-26 17:36:48,393] [ERROR] [aiogram.dispatcher] - Failed to fetch updates - TelegramConflictError: Telegram server says - Conflict: terminated by other getUpdates request; make sure that only one bot instance is running
[2026-07-26 17:36:48,393] [WARNING] [aiogram.dispatcher] - Sleep for 5.035879 seconds and try again... (tryings = 96, bot id = 8715181010)
[2026-07-26 17:36:58,695] [ERROR] [aiogram.dispatcher] - Failed to fetch updates - TelegramConflictError: Telegram server says - Conflict: terminated by other getUpdates request; make sure that only one bot instance is running
[2026-07-26 17:36:58,695] [WARNING] [aiogram.dispatcher] - Sleep for 4.957737 seconds and try again... (tryings = 97, bot id = 8715181010)
[2026-07-26 17:37:08,645] [ERROR] [aiogram.dispatcher] - Failed to fetch updates - TelegramConflictError: Telegram server says - Conflict: terminated by other getUpdates request; make sure that only one bot instance is running
[2026-07-26 17:37:08,645] [WARNING] [aiogram.dispatcher] - Sleep for 5.004136 seconds and try again... (tryings = 98, bot id = 8715181010)
[2026-07-26 17:37:18,788] [ERROR] [aiogram.dispatcher] - Failed to fetch updates - TelegramConflictError: Telegram server says - Conflict: terminated by other getUpdates request; make sure that only one bot instance is running
[2026-07-26 17:37:18,788] [WARNING] [aiogram.dispatcher] - Sleep for 5.150584 seconds and try again... (tryings = 99, bot id = 8715181010)
[2026-07-26 17:37:29,305] [ERROR] [aiogram.dispatcher] - Failed to fetch updates - TelegramConflictError: Telegram server says - Conflict: terminated by other getUpdates request; make sure that only one bot instance is running
[2026-07-26 17:37:29,305] [WARNING] [aiogram.dispatcher] - Sleep for 5.058967 seconds and try again... (tryings = 100, bot id = 8715181010)
[2026-07-26 17:37:39,388] [ERROR] [aiogram.dispatcher] - Failed to fetch updates - TelegramConflictError: Telegram server says - Conflict: terminated by other getUpdates request; make sure that only one bot instance is running
[2026-07-26 17:37:39,389] [WARNING] [aiogram.dispatcher] - Sleep for 4.956624 seconds and try again... (tryings = 101, bot id = 8715181010)
[2026-07-26 17:37:49,384] [ERROR] [aiogram.dispatcher] - Failed to fetch updates - TelegramConflictError: Telegram server says - Conflict: terminated by other getUpdates request; make sure that only one bot instance is running
[2026-07-26 17:37:49,385] [WARNING] [aiogram.dispatcher] - Sleep for 5.057727 seconds and try again... (tryings = 102, bot id = 8715181010)
[2026-07-26 17:37:59,575] [ERROR] [aiogram.dispatcher] - Failed to fetch updates - TelegramConflictError: Telegram server says - Conflict: terminated by other getUpdates request; make sure that only one bot instance is running
[2026-07-26 17:37:59,575] [WARNING] [aiogram.dispatcher] - Sleep for 4.970902 seconds and try again... (tryings = 103, bot id = 8715181010)
[2026-07-26 17:38:09,741] [ERROR] [aiogram.dispatcher] - Failed to fetch updates - TelegramConflictError: Telegram server says - Conflict: terminated by other getUpdates request; make sure that only one bot instance is running
[2026-07-26 17:38:09,742] [WARNING] [aiogram.dispatcher] - Sleep for 4.999001 seconds and try again... (tryings = 104, bot id = 8715181010)
[2026-07-26 17:38:19,839] [ERROR] [aiogram.dispatcher] - Failed to fetch updates - TelegramConflictError: Telegram server says - Conflict: terminated by other getUpdates request; make sure that only one bot instance is running
[2026-07-26 17:38:19,840] [WARNING] [aiogram.dispatcher] - Sleep for 5.094030 seconds and try again... (tryings = 105, bot id = 8715181010)
[2026-07-26 17:38:29,941] [ERROR] [aiogram.dispatcher] - Failed to fetch updates - TelegramConflictError: Telegram server says - Conflict: terminated by other getUpdates request; make sure that only one bot instance is running
[2026-07-26 17:38:29,941] [WARNING] [aiogram.dispatcher] - Sleep for 5.033086 seconds and try again... (tryings = 106, bot id = 8715181010)
[2026-07-26 17:38:40,161] [ERROR] [aiogram.dispatcher] - Failed to fetch updates - TelegramConflictError: Telegram server says - Conflict: terminated by other getUpdates request; make sure that only one bot instance is running
[2026-07-26 17:38:40,161] [WARNING] [aiogram.dispatcher] - Sleep for 5.061383 seconds and try again... (tryings = 107, bot id = 8715181010)
[2026-07-26 17:38:50,118] [ERROR] [aiogram.dispatcher] - Failed to fetch updates - TelegramConflictError: Telegram server says - Conflict: terminated by other getUpdates request; make sure that only one bot instance is running
[2026-07-26 17:38:50,118] [WARNING] [aiogram.dispatcher] - Sleep for 5.168288 seconds and try again... (tryings = 108, bot id = 8715181010)
[2026-07-26 17:39:00,330] [ERROR] [aiogram.dispatcher] - Failed to fetch updates - TelegramConflictError: Telegram server says - Conflict: terminated by other getUpdates request; make sure that only one bot instance is running
[2026-07-26 17:39:00,330] [WARNING] [aiogram.dispatcher] - Sleep for 5.268276 seconds and try again... (tryings = 109, bot id = 8715181010)
[2026-07-26 17:39:10,592] [ERROR] [aiogram.dispatcher] - Failed to fetch updates - TelegramConflictError: Telegram server says - Conflict: terminated by other getUpdates request; make sure that only one bot instance is running
[2026-07-26 17:39:10,592] [WARNING] [aiogram.dispatcher] - Sleep for 4.981875 seconds and try again... (tryings = 110, bot id = 8715181010)
[2026-07-26 17:39:20,420] [ERROR] [aiogram.dispatcher] - Failed to fetch updates - TelegramConflictError: Telegram server says - Conflict: terminated by other getUpdates request; make sure that only one bot instance is running
[2026-07-26 17:39:20,420] [WARNING] [aiogram.dispatcher] - Sleep for 4.919520 seconds and try again... (tryings = 111, bot id = 8715181010)
[2026-07-26 17:39:30,364] [ERROR] [aiogram.dispatcher] - Failed to fetch updates - TelegramConflictError: Telegram server says - Conflict: terminated by other getUpdates request; make sure that only one bot instance is running
[2026-07-26 17:39:30,364] [WARNING] [aiogram.dispatcher] - Sleep for 5.060302 seconds and try again... (tryings = 112, bot id = 8715181010)
[2026-07-26 17:39:40,447] [ERROR] [aiogram.dispatcher] - Failed to fetch updates - TelegramConflictError: Telegram server says - Conflict: terminated by other getUpdates request; make sure that only one bot instance is running
[2026-07-26 17:39:40,447] [WARNING] [aiogram.dispatcher] - Sleep for 5.112871 seconds and try again... (tryings = 113, bot id = 8715181010)
[2026-07-26 17:39:50,581] [ERROR] [aiogram.dispatcher] - Failed to fetch updates - TelegramConflictError: Telegram server says - Conflict: terminated by other getUpdates request; make sure that only one bot instance is running
[2026-07-26 17:39:50,581] [WARNING] [aiogram.dispatcher] - Sleep for 4.869582 seconds and try again... (tryings = 114, bot id = 8715181010)
[2026-07-26 17:40:00,549] [ERROR] [aiogram.dispatcher] - Failed to fetch updates - TelegramConflictError: Telegram server says - Conflict: terminated by other getUpdates request; make sure that only one bot instance is running
[2026-07-26 17:40:00,549] [WARNING] [aiogram.dispatcher] - Sleep for 5.185850 seconds and try again... (tryings = 115, bot id = 8715181010)
[2026-07-26 17:40:11,055] [ERROR] [aiogram.dispatcher] - Failed to fetch updates - TelegramConflictError: Telegram server says - Conflict: terminated by other getUpdates request; make sure that only one bot instance is running
[2026-07-26 17:40:11,055] [WARNING] [aiogram.dispatcher] - Sleep for 5.062926 seconds and try again... (tryings = 116, bot id = 8715181010)
[2026-07-26 17:40:21,141] [ERROR] [aiogram.dispatcher] - Failed to fetch updates - TelegramConflictError: Telegram server says - Conflict: terminated by other getUpdates request; make sure that only one bot instance is running
[2026-07-26 17:40:21,141] [WARNING] [aiogram.dispatcher] - Sleep for 5.028346 seconds and try again... (tryings = 117, bot id = 8715181010)
[2026-07-26 17:40:31,246] [ERROR] [aiogram.dispatcher] - Failed to fetch updates - TelegramConflictError: Telegram server says - Conflict: terminated by other getUpdates request; make sure that only one bot instance is running
[2026-07-26 17:40:31,246] [WARNING] [aiogram.dispatcher] - Sleep for 5.054450 seconds and try again... (tryings = 118, bot id = 8715181010)
[2026-07-26 17:40:41,342] [ERROR] [aiogram.dispatcher] - Failed to fetch updates - TelegramConflictError: Telegram server says - Conflict: terminated by other getUpdates request; make sure that only one bot instance is running
[2026-07-26 17:40:41,343] [WARNING] [aiogram.dispatcher] - Sleep for 4.980830 seconds and try again... (tryings = 119, bot id = 8715181010)
[2026-07-26 17:40:51,209] [ERROR] [aiogram.dispatcher] - Failed to fetch updates - TelegramConflictError: Telegram server says - Conflict: terminated by other getUpdates request; make sure that only one bot instance is running
[2026-07-26 17:40:51,210] [WARNING] [aiogram.dispatcher] - Sleep for 4.974350 seconds and try again... (tryings = 120, bot id = 8715181010)
[2026-07-26 17:41:01,283] [ERROR] [aiogram.dispatcher] - Failed to fetch updates - TelegramConflictError: Telegram server says - Conflict: terminated by other getUpdates request; make sure that only one bot instance is running
[2026-07-26 17:41:01,283] [WARNING] [aiogram.dispatcher] - Sleep for 5.093097 seconds and try again... (tryings = 121, bot id = 8715181010)
[2026-07-26 17:41:11,314] [ERROR] [aiogram.dispatcher] - Failed to fetch updates - TelegramConflictError: Telegram server says - Conflict: terminated by other getUpdates request; make sure that only one bot instance is running
[2026-07-26 17:41:11,314] [WARNING] [aiogram.dispatcher] - Sleep for 4.856196 seconds and try again... (tryings = 122, bot id = 8715181010)
[2026-07-26 17:41:21,138] [ERROR] [aiogram.dispatcher] - Failed to fetch updates - TelegramConflictError: Telegram server says - Conflict: terminated by other getUpdates request; make sure that only one bot instance is running
[2026-07-26 17:41:21,139] [WARNING] [aiogram.dispatcher] - Sleep for 5.037766 seconds and try again... (tryings = 123, bot id = 8715181010)
[2026-07-26 17:41:31,211] [ERROR] [aiogram.dispatcher] - Failed to fetch updates - TelegramConflictError: Telegram server says - Conflict: terminated by other getUpdates request; make sure that only one bot instance is running
[2026-07-26 17:41:31,211] [WARNING] [aiogram.dispatcher] - Sleep for 4.964215 seconds and try again... (tryings = 124, bot id = 8715181010)
[2026-07-26 17:41:41,297] [ERROR] [aiogram.dispatcher] - Failed to fetch updates - TelegramConflictError: Telegram server says - Conflict: terminated by other getUpdates request; make sure that only one bot instance is running
[2026-07-26 17:41:41,297] [WARNING] [aiogram.dispatcher] - Sleep for 5.135406 seconds and try again... (tryings = 125, bot id = 8715181010)
[2026-07-26 17:41:51,386] [ERROR] [aiogram.dispatcher] - Failed to fetch updates - TelegramConflictError: Telegram server says - Conflict: terminated by other getUpdates request; make sure that only one bot instance is running
[2026-07-26 17:41:51,387] [WARNING] [aiogram.dispatcher] - Sleep for 5.036541 seconds and try again... (tryings = 126, bot id = 8715181010)
[2026-07-26 17:42:01,423] [ERROR] [aiogram.dispatcher] - Failed to fetch updates - TelegramConflictError: Telegram server says - Conflict: terminated by other getUpdates request; make sure that only one bot instance is running
[2026-07-26 17:42:01,424] [WARNING] [aiogram.dispatcher] - Sleep for 4.995198 seconds and try again... (tryings = 127, bot id = 8715181010)
[2026-07-26 17:42:11,460] [ERROR] [aiogram.dispatcher] - Failed to fetch updates - TelegramConflictError: Telegram server says - Conflict: terminated by other getUpdates request; make sure that only one bot instance is running
[2026-07-26 17:42:11,460] [WARNING] [aiogram.dispatcher] - Sleep for 5.301271 seconds and try again... (tryings = 128, bot id = 8715181010)
[2026-07-26 17:42:21,859] [ERROR] [aiogram.dispatcher] - Failed to fetch updates - TelegramConflictError: Telegram server says - Conflict: terminated by other getUpdates request; make sure that only one bot instance is running
[2026-07-26 17:42:21,859] [WARNING] [aiogram.dispatcher] - Sleep for 5.154006 seconds and try again... (tryings = 129, bot id = 8715181010)
[2026-07-26 17:42:32,158] [ERROR] [aiogram.dispatcher] - Failed to fetch updates - TelegramConflictError: Telegram server says - Conflict: terminated by other getUpdates request; make sure that only one bot instance is running
[2026-07-26 17:42:32,159] [WARNING] [aiogram.dispatcher] - Sleep for 4.958392 seconds and try again... (tryings = 130, bot id = 8715181010)
[2026-07-26 17:42:42,113] [ERROR] [aiogram.dispatcher] - Failed to fetch updates - TelegramConflictError: Telegram server says - Conflict: terminated by other getUpdates request; make sure that only one bot instance is running
[2026-07-26 17:42:42,114] [WARNING] [aiogram.dispatcher] - Sleep for 5.332066 seconds and try again... (tryings = 131, bot id = 8715181010)
[2026-07-26 17:42:52,654] [ERROR] [aiogram.dispatcher] - Failed to fetch updates - TelegramConflictError: Telegram server says - Conflict: terminated by other getUpdates request; make sure that only one bot instance is running
[2026-07-26 17:42:52,655] [WARNING] [aiogram.dispatcher] - Sleep for 5.014163 seconds and try again... (tryings = 132, bot id = 8715181010)
[2026-07-26 17:43:02,523] [ERROR] [aiogram.dispatcher] - Failed to fetch updates - TelegramConflictError: Telegram server says - Conflict: terminated by other getUpdates request; make sure that only one bot instance is running
[2026-07-26 17:43:02,523] [WARNING] [aiogram.dispatcher] - Sleep for 5.022402 seconds and try again... (tryings = 133, bot id = 8715181010)
[2026-07-26 17:43:12,578] [ERROR] [aiogram.dispatcher] - Failed to fetch updates - TelegramConflictError: Telegram server says - Conflict: terminated by other getUpdates request; make sure that only one bot instance is running
[2026-07-26 17:43:12,578] [WARNING] [aiogram.dispatcher] - Sleep for 4.912454 seconds and try again... (tryings = 134, bot id = 8715181010)
[2026-07-26 17:43:22,460] [ERROR] [aiogram.dispatcher] - Failed to fetch updates - TelegramConflictError: Telegram server says - Conflict: terminated by other getUpdates request; make sure that only one bot instance is running
[2026-07-26 17:43:22,461] [WARNING] [aiogram.dispatcher] - Sleep for 4.956888 seconds and try again... (tryings = 135, bot id = 8715181010)
[2026-07-26 17:43:32,498] [ERROR] [aiogram.dispatcher] - Failed to fetch updates - TelegramConflictError: Telegram server says - Conflict: terminated by other getUpdates request; make sure that only one bot instance is running
[2026-07-26 17:43:32,498] [WARNING] [aiogram.dispatcher] - Sleep for 5.112604 seconds and try again... (tryings = 136, bot id = 8715181010)
[2026-07-26 17:43:42,531] [ERROR] [aiogram.dispatcher] - Failed to fetch updates - TelegramConflictError: Telegram server says - Conflict: terminated by other getUpdates request; make sure that only one bot instance is running
[2026-07-26 17:43:42,531] [WARNING] [aiogram.dispatcher] - Sleep for 5.109148 seconds and try again... (tryings = 137, bot id = 8715181010)
[2026-07-26 17:43:52,557] [ERROR] [aiogram.dispatcher] - Failed to fetch updates - TelegramConflictError: Telegram server says - Conflict: terminated by other getUpdates request; make sure that only one bot instance is running
[2026-07-26 17:43:52,558] [WARNING] [aiogram.dispatcher] - Sleep for 5.043891 seconds and try again... (tryings = 138, bot id = 8715181010)
[2026-07-26 17:44:02,627] [ERROR] [aiogram.dispatcher] - Failed to fetch updates - TelegramConflictError: Telegram server says - Conflict: terminated by other getUpdates request; make sure that only one bot instance is running
[2026-07-26 17:44:02,627] [WARNING] [aiogram.dispatcher] - Sleep for 5.032235 seconds and try again... (tryings = 139, bot id = 8715181010)
[2026-07-26 17:44:12,651] [ERROR] [aiogram.dispatcher] - Failed to fetch updates - TelegramConflictError: Telegram server says - Conflict: terminated by other getUpdates request; make sure that only one bot instance is running
[2026-07-26 17:44:12,652] [WARNING] [aiogram.dispatcher] - Sleep for 5.061771 seconds and try again... (tryings = 140, bot id = 8715181010)
[2026-07-26 17:44:22,811] [ERROR] [aiogram.dispatcher] - Failed to fetch updates - TelegramConflictError: Telegram server says - Conflict: terminated by other getUpdates request; make sure that only one bot instance is running
[2026-07-26 17:44:22,812] [WARNING] [aiogram.dispatcher] - Sleep for 4.958797 seconds and try again... (tryings = 141, bot id = 8715181010)
[2026-07-26 17:44:33,067] [ERROR] [aiogram.dispatcher] - Failed to fetch updates - TelegramConflictError: Telegram server says - Conflict: terminated by other getUpdates request; make sure that only one bot instance is running
[2026-07-26 17:44:33,068] [WARNING] [aiogram.dispatcher] - Sleep for 4.912230 seconds and try again... (tryings = 142, bot id = 8715181010)
[2026-07-26 17:44:43,107] [ERROR] [aiogram.dispatcher] - Failed to fetch updates - TelegramConflictError: Telegram server says - Conflict: terminated by other getUpdates request; make sure that only one bot instance is running
[2026-07-26 17:44:43,108] [WARNING] [aiogram.dispatcher] - Sleep for 4.828929 seconds and try again... (tryings = 143, bot id = 8715181010)
[2026-07-26 17:44:53,012] [ERROR] [aiogram.dispatcher] - Failed to fetch updates - TelegramConflictError: Telegram server says - Conflict: terminated by other getUpdates request; make sure that only one bot instance is running
[2026-07-26 17:44:53,012] [WARNING] [aiogram.dispatcher] - Sleep for 5.063406 seconds and try again... (tryings = 144, bot id = 8715181010)
[2026-07-26 17:45:03,098] [ERROR] [aiogram.dispatcher] - Failed to fetch updates - TelegramConflictError: Telegram server says - Conflict: terminated by other getUpdates request; make sure that only one bot instance is running
[2026-07-26 17:45:03,099] [WARNING] [aiogram.dispatcher] - Sleep for 5.060935 seconds and try again... (tryings = 145, bot id = 8715181010)
[2026-07-26 17:45:12,210] [ERROR] [aiogram.dispatcher] - Failed to fetch updates - TelegramConflictError: Telegram server says - Conflict: terminated by other getUpdates request; make sure that only one bot instance is running
[2026-07-26 17:45:12,210] [WARNING] [aiogram.dispatcher] - Sleep for 4.975263 seconds and try again... (tryings = 146, bot id = 8715181010)
[2026-07-26 17:45:21,262] [ERROR] [aiogram.dispatcher] - Failed to fetch updates - TelegramConflictError: Telegram server says - Conflict: terminated by other getUpdates request; make sure that only one bot instance is running
[2026-07-26 17:45:21,262] [WARNING] [aiogram.dispatcher] - Sleep for 4.997648 seconds and try again... (tryings = 147, bot id = 8715181010)
[2026-07-26 17:45:30,808] [ERROR] [aiogram.dispatcher] - Failed to fetch updates - TelegramConflictError: Telegram server says - Conflict: terminated by other getUpdates request; make sure that only one bot instance is running
[2026-07-26 17:45:30,808] [WARNING] [aiogram.dispatcher] - Sleep for 5.037251 seconds and try again... (tryings = 148, bot id = 8715181010)
[2026-07-26 17:45:40,660] [ERROR] [aiogram.dispatcher] - Failed to fetch updates - TelegramConflictError: Telegram server says - Conflict: terminated by other getUpdates request; make sure that only one bot instance is running
[2026-07-26 17:45:40,661] [WARNING] [aiogram.dispatcher] - Sleep for 4.947510 seconds and try again... (tryings = 149, bot id = 8715181010)
[2026-07-26 17:45:50,924] [ERROR] [aiogram.dispatcher] - Failed to fetch updates - TelegramConflictError: Telegram server says - Conflict: terminated by other getUpdates request; make sure that only one bot instance is running
[2026-07-26 17:45:50,924] [WARNING] [aiogram.dispatcher] - Sleep for 4.925955 seconds and try again... (tryings = 150, bot id = 8715181010)
[2026-07-26 17:45:59,041] [ERROR] [aiogram.dispatcher] - Failed to fetch updates - TelegramConflictError: Telegram server says - Conflict: terminated by other getUpdates request; make sure that only one bot instance is running
[2026-07-26 17:45:59,041] [WARNING] [aiogram.dispatcher] - Sleep for 5.041055 seconds and try again... (tryings = 151, bot id = 8715181010)
[2026-07-26 17:46:08,443] [ERROR] [aiogram.dispatcher] - Failed to fetch updates - TelegramConflictError: Telegram server says - Conflict: terminated by other getUpdates request; make sure that only one bot instance is running
[2026-07-26 17:46:08,443] [WARNING] [aiogram.dispatcher] - Sleep for 4.890936 seconds and try again... (tryings = 152, bot id = 8715181010)
[2026-07-26 17:46:18,506] [ERROR] [aiogram.dispatcher] - Failed to fetch updates - TelegramConflictError: Telegram server says - Conflict: terminated by other getUpdates request; make sure that only one bot instance is running
[2026-07-26 17:46:18,506] [WARNING] [aiogram.dispatcher] - Sleep for 4.995458 seconds and try again... (tryings = 153, bot id = 8715181010)
[2026-07-26 17:46:28,680] [ERROR] [aiogram.dispatcher] - Failed to fetch updates - TelegramConflictError: Telegram server says - Conflict: terminated by other getUpdates request; make sure that only one bot instance is running
[2026-07-26 17:46:28,681] [WARNING] [aiogram.dispatcher] - Sleep for 5.058063 seconds and try again... (tryings = 154, bot id = 8715181010)
[2026-07-26 17:46:30,933] [INFO] [bot.services.scheduler] - 🔁 materialize_subscription_state: проход по 7 ключам
[2026-07-26 17:46:31,073] [INFO] [bot.services.panels.xui] - Обновлён клиент user_DerAndrey_1d544 через clients API: expiry=2026-07-28 17:19, limit=1000.0 ГБ, enable=True
[2026-07-26 17:46:31,114] [INFO] [bot.services.panels.xui] - Обновлён клиент user_Godmajik_a6ec1 через clients API: expiry=2026-07-29 08:07, limit=1000.0 ГБ, enable=True
[2026-07-26 17:46:31,147] [INFO] [bot.services.panels.xui] - Обновлён клиент user_Aleksei_Mezentcev_4cf71 через clients API: expiry=2026-07-29 09:51, limit=1000.0 ГБ, enable=True
[2026-07-26 17:46:31,182] [INFO] [bot.services.panels.xui] - Обновлён клиент user_alena_samovolnikova_696a3 через clients API: expiry=2026-08-01 17:16, limit=1000.0 ГБ, enable=True
[2026-07-26 17:46:31,222] [INFO] [bot.services.panels.xui] - Обновлён клиент user_deilja_70301 через clients API: expiry=2026-08-19 21:29, limit=1000.0 ГБ, enable=True
[2026-07-26 17:46:31,272] [INFO] [bot.services.panels.xui] - Обновлён клиент user_aleks_animals_b8bb8 через clients API: expiry=2026-07-26 17:46, limit=1.0 ГБ, enable=True
[2026-07-26 17:46:31,320] [INFO] [bot.services.panels.xui] - Обновлён клиент user_1670537525_642a6 через clients API: expiry=2026-07-27 06:15, limit=100.0 ГБ, enable=True
[2026-07-26 17:46:31,321] [INFO] [bot.services.scheduler] - 🔁 materialize_subscription_state завершён: {'created': 0, 'deleted': 0, 'updated': 7, 'enabled': 0, 'disabled': 0, 'reset': 0, 'skipped': 14, 'errors': 0}
[2026-07-26 17:46:38,825] [ERROR] [aiogram.dispatcher] - Failed to fetch updates - TelegramConflictError: Telegram server says - Conflict: terminated by other getUpdates request; make sure that only one bot instance is running
[2026-07-26 17:46:38,825] [WARNING] [aiogram.dispatcher] - Sleep for 4.993414 seconds and try again... (tryings = 155, bot id = 8715181010)
[2026-07-26 17:46:48,785] [ERROR] [aiogram.dispatcher] - Failed to fetch updates - TelegramConflictError: Telegram server says - Conflict: terminated by other getUpdates request; make sure that only one bot instance is running
[2026-07-26 17:46:48,786] [WARNING] [aiogram.dispatcher] - Sleep for 4.903535 seconds and try again... (tryings = 156, bot id = 8715181010)
[2026-07-26 17:46:58,715] [ERROR] [aiogram.dispatcher] - Failed to fetch updates - TelegramConflictError: Telegram server says - Conflict: terminated by other getUpdates request; make sure that only one bot instance is running
[2026-07-26 17:46:58,715] [WARNING] [aiogram.dispatcher] - Sleep for 4.964063 seconds and try again... (tryings = 157, bot id = 8715181010)
[2026-07-26 17:47:08,668] [ERROR] [aiogram.dispatcher] - Failed to fetch updates - TelegramConflictError: Telegram server says - Conflict: terminated by other getUpdates request; make sure that only one bot instance is running
[2026-07-26 17:47:08,668] [WARNING] [aiogram.dispatcher] - Sleep for 4.905592 seconds and try again... (tryings = 158, bot id = 8715181010)
[2026-07-26 17:47:18,516] [ERROR] [aiogram.dispatcher] - Failed to fetch updates - TelegramConflictError: Telegram server says - Conflict: terminated by other getUpdates request; make sure that only one bot instance is running
[2026-07-26 17:47:18,516] [WARNING] [aiogram.dispatcher] - Sleep for 4.993605 seconds and try again... (tryings = 159, bot id = 8715181010)
[2026-07-26 17:47:28,472] [ERROR] [aiogram.dispatcher] - Failed to fetch updates - TelegramConflictError: Telegram server says - Conflict: terminated by other getUpdates request; make sure that only one bot instance is running
[2026-07-26 17:47:28,472] [WARNING] [aiogram.dispatcher] - Sleep for 5.149983 seconds and try again... (tryings = 160, bot id = 8715181010)
[2026-07-26 17:47:38,804] [ERROR] [aiogram.dispatcher] - Failed to fetch updates - TelegramConflictError: Telegram server says - Conflict: terminated by other getUpdates request; make sure that only one bot instance is running
[2026-07-26 17:47:38,805] [WARNING] [aiogram.dispatcher] - Sleep for 5.055851 seconds and try again... (tryings = 161, bot id = 8715181010)
[2026-07-26 17:47:48,799] [ERROR] [aiogram.dispatcher] - Failed to fetch updates - TelegramConflictError: Telegram server says - Conflict: terminated by other getUpdates request; make sure that only one bot instance is running
[2026-07-26 17:47:48,800] [WARNING] [aiogram.dispatcher] - Sleep for 4.968568 seconds and try again... (tryings = 162, bot id = 8715181010)
[2026-07-26 17:47:58,938] [ERROR] [aiogram.dispatcher] - Failed to fetch updates - TelegramConflictError: Telegram server says - Conflict: terminated by other getUpdates request; make sure that only one bot instance is running
[2026-07-26 17:47:58,938] [WARNING] [aiogram.dispatcher] - Sleep for 5.137900 seconds and try again... (tryings = 163, bot id = 8715181010)
[2026-07-26 17:48:09,124] [ERROR] [aiogram.dispatcher] - Failed to fetch updates - TelegramConflictError: Telegram server says - Conflict: terminated by other getUpdates request; make sure that only one bot instance is running
[2026-07-26 17:48:09,124] [WARNING] [aiogram.dispatcher] - Sleep for 5.044248 seconds and try again... (tryings = 164, bot id = 8715181010)
[2026-07-26 17:48:19,268] [ERROR] [aiogram.dispatcher] - Failed to fetch updates - TelegramConflictError: Telegram server says - Conflict: terminated by other getUpdates request; make sure that only one bot instance is running
[2026-07-26 17:48:19,269] [WARNING] [aiogram.dispatcher] - Sleep for 5.042487 seconds and try again... (tryings = 165, bot id = 8715181010)
[2026-07-26 17:48:29,366] [ERROR] [aiogram.dispatcher] - Failed to fetch updates - TelegramConflictError: Telegram server says - Conflict: terminated by other getUpdates request; make sure that only one bot instance is running
[2026-07-26 17:48:29,367] [WARNING] [aiogram.dispatcher] - Sleep for 4.980555 seconds and try again... (tryings = 166, bot id = 8715181010)
[2026-07-26 17:48:39,328] [ERROR] [aiogram.dispatcher] - Failed to fetch updates - TelegramConflictError: Telegram server says - Conflict: terminated by other getUpdates request; make sure that only one bot instance is running
[2026-07-26 17:48:39,329] [WARNING] [aiogram.dispatcher] - Sleep for 4.983775 seconds and try again... (tryings = 167, bot id = 8715181010)
[2026-07-26 17:48:49,339] [ERROR] [aiogram.dispatcher] - Failed to fetch updates - TelegramConflictError: Telegram server says - Conflict: terminated by other getUpdates request; make sure that only one bot instance is running
[2026-07-26 17:48:49,339] [WARNING] [aiogram.dispatcher] - Sleep for 5.172774 seconds and try again... (tryings = 168, bot id = 8715181010)
[2026-07-26 17:48:59,456] [ERROR] [aiogram.dispatcher] - Failed to fetch updates - TelegramConflictError: Telegram server says - Conflict: terminated by other getUpdates request; make sure that only one bot instance is running
[2026-07-26 17:48:59,456] [WARNING] [aiogram.dispatcher] - Sleep for 4.824657 seconds and try again... (tryings = 169, bot id = 8715181010)
[2026-07-26 17:49:09,409] [ERROR] [aiogram.dispatcher] - Failed to fetch updates - TelegramConflictError: Telegram server says - Conflict: terminated by other getUpdates request; make sure that only one bot instance is running
[2026-07-26 17:49:09,410] [WARNING] [aiogram.dispatcher] - Sleep for 5.230366 seconds and try again... (tryings = 170, bot id = 8715181010)
[2026-07-26 17:49:19,729] [ERROR] [aiogram.dispatcher] - Failed to fetch updates - TelegramConflictError: Telegram server says - Conflict: terminated by other getUpdates request; make sure that only one bot instance is running
[2026-07-26 17:49:19,729] [WARNING] [aiogram.dispatcher] - Sleep for 5.060661 seconds and try again... (tryings = 171, bot id = 8715181010)
[2026-07-26 17:49:30,089] [ERROR] [aiogram.dispatcher] - Failed to fetch updates - TelegramConflictError: Telegram server says - Conflict: terminated by other getUpdates request; make sure that only one bot instance is running
[2026-07-26 17:49:30,089] [WARNING] [aiogram.dispatcher] - Sleep for 5.162615 seconds and try again... (tryings = 172, bot id = 8715181010)
[2026-07-26 17:49:40,415] [ERROR] [aiogram.dispatcher] - Failed to fetch updates - TelegramConflictError: Telegram server says - Conflict: terminated by other getUpdates request; make sure that only one bot instance is running
[2026-07-26 17:49:40,416] [WARNING] [aiogram.dispatcher] - Sleep for 4.988801 seconds and try again... (tryings = 173, bot id = 8715181010)
[2026-07-26 17:49:50,530] [ERROR] [aiogram.dispatcher] - Failed to fetch updates - TelegramConflictError: Telegram server says - Conflict: terminated by other getUpdates request; make sure that only one bot instance is running
[2026-07-26 17:49:50,531] [WARNING] [aiogram.dispatcher] - Sleep for 4.977528 seconds and try again... (tryings = 174, bot id = 8715181010)
[2026-07-26 17:50:00,491] [ERROR] [aiogram.dispatcher] - Failed to fetch updates - TelegramConflictError: Telegram server says - Conflict: terminated by other getUpdates request; make sure that only one bot instance is running
[2026-07-26 17:50:00,491] [WARNING] [aiogram.dispatcher] - Sleep for 5.023511 seconds and try again... (tryings = 175, bot id = 8715181010)
[2026-07-26 17:50:10,243] [ERROR] [aiogram.dispatcher] - Failed to fetch updates - TelegramConflictError: Telegram server says - Conflict: terminated by other getUpdates request; make sure that only one bot instance is running
[2026-07-26 17:50:10,243] [WARNING] [aiogram.dispatcher] - Sleep for 4.902713 seconds and try again... (tryings = 176, bot id = 8715181010)
[2026-07-26 17:50:20,218] [ERROR] [aiogram.dispatcher] - Failed to fetch updates - TelegramConflictError: Telegram server says - Conflict: terminated by other getUpdates request; make sure that only one bot instance is running
[2026-07-26 17:50:20,218] [WARNING] [aiogram.dispatcher] - Sleep for 5.132289 seconds and try again... (tryings = 177, bot id = 8715181010)
[2026-07-26 17:50:30,306] [ERROR] [aiogram.dispatcher] - Failed to fetch updates - TelegramConflictError: Telegram server says - Conflict: terminated by other getUpdates request; make sure that only one bot instance is running
[2026-07-26 17:50:30,306] [WARNING] [aiogram.dispatcher] - Sleep for 4.980471 seconds and try again... (tryings = 178, bot id = 8715181010)
[2026-07-26 17:50:40,291] [ERROR] [aiogram.dispatcher] - Failed to fetch updates - TelegramConflictError: Telegram server says - Conflict: terminated by other getUpdates request; make sure that only one bot instance is running
[2026-07-26 17:50:40,291] [WARNING] [aiogram.dispatcher] - Sleep for 4.868148 seconds and try again... (tryings = 179, bot id = 8715181010)
[2026-07-26 17:50:50,250] [ERROR] [aiogram.dispatcher] - Failed to fetch updates - TelegramConflictError: Telegram server says - Conflict: terminated by other getUpdates request; make sure that only one bot instance is running
[2026-07-26 17:50:50,250] [WARNING] [aiogram.dispatcher] - Sleep for 5.129303 seconds and try again... (tryings = 180, bot id = 8715181010)
[2026-07-26 17:51:00,472] [ERROR] [aiogram.dispatcher] - Failed to fetch updates - TelegramConflictError: Telegram server says - Conflict: terminated by other getUpdates request; make sure that only one bot instance is running
[2026-07-26 17:51:00,472] [WARNING] [aiogram.dispatcher] - Sleep for 5.112623 seconds and try again... (tryings = 181, bot id = 8715181010)
[2026-07-26 17:51:10,503] [ERROR] [aiogram.dispatcher] - Failed to fetch updates - TelegramConflictError: Telegram server says - Conflict: terminated by other getUpdates request; make sure that only one bot instance is running
[2026-07-26 17:51:10,503] [WARNING] [aiogram.dispatcher] - Sleep for 5.070661 seconds and try again... (tryings = 182, bot id = 8715181010)
[2026-07-26 17:51:20,667] [ERROR] [aiogram.dispatcher] - Failed to fetch updates - TelegramConflictError: Telegram server says - Conflict: terminated by other getUpdates request; make sure that only one bot instance is running
[2026-07-26 17:51:20,667] [WARNING] [aiogram.dispatcher] - Sleep for 4.918215 seconds and try again... (tryings = 183, bot id = 8715181010)
[2026-07-26 17:51:30,480] [ERROR] [aiogram.dispatcher] - Failed to fetch updates - TelegramConflictError: Telegram server says - Conflict: terminated by other getUpdates request; make sure that only one bot instance is running
[2026-07-26 17:51:30,481] [WARNING] [aiogram.dispatcher] - Sleep for 5.032924 seconds and try again... (tryings = 184, bot id = 8715181010)
[2026-07-26 17:51:31,366] [INFO] [database.db_key_lifecycle] - Lifecycle-событие key_expired для ключа 15 записано с token=2026-07-26 14:46:43
[2026-07-26 17:51:31,376] [INFO] [bot.services.key_lifecycle] - Обработано key_expired lifecycle events: 1
[2026-07-26 17:51:40,556] [ERROR] [aiogram.dispatcher] - Failed to fetch updates - TelegramConflictError: Telegram server says - Conflict: terminated by other getUpdates request; make sure that only one bot instance is running
[2026-07-26 17:51:40,557] [WARNING] [aiogram.dispatcher] - Sleep for 5.120135 seconds and try again... (tryings = 185, bot id = 8715181010)
[2026-07-26 17:51:50,766] [ERROR] [aiogram.dispatcher] - Failed to fetch updates - TelegramConflictError: Telegram server says - Conflict: terminated by other getUpdates request; make sure that only one bot instance is running
[2026-07-26 17:51:50,766] [WARNING] [aiogram.dispatcher] - Sleep for 5.046266 seconds and try again... (tryings = 186, bot id = 8715181010)
[2026-07-26 17:52:00,762] [ERROR] [aiogram.dispatcher] - Failed to fetch updates - TelegramConflictError: Telegram server says - Conflict: terminated by other getUpdates request; make sure that only one bot instance is running
[2026-07-26 17:52:00,762] [WARNING] [aiogram.dispatcher] - Sleep for 5.014718 seconds and try again... (tryings = 187, bot id = 8715181010)
[2026-07-26 17:52:10,844] [ERROR] [aiogram.dispatcher] - Failed to fetch updates - TelegramConflictError: Telegram server says - Conflict: terminated by other getUpdates request; make sure that only one bot instance is running
[2026-07-26 17:52:10,845] [WARNING] [aiogram.dispatcher] - Sleep for 5.045340 seconds and try again... (tryings = 188, bot id = 8715181010)
[2026-07-26 17:52:20,921] [ERROR] [aiogram.dispatcher] - Failed to fetch updates - TelegramConflictError: Telegram server says - Conflict: terminated by other getUpdates request; make sure that only one bot instance is running
[2026-07-26 17:52:20,921] [WARNING] [aiogram.dispatcher] - Sleep for 5.082186 seconds and try again... (tryings = 189, bot id = 8715181010)
[2026-07-26 17:52:31,208] [ERROR] [aiogram.dispatcher] - Failed to fetch updates - TelegramConflictError: Telegram server says - Conflict: terminated by other getUpdates request; make sure that only one bot instance is running
[2026-07-26 17:52:31,208] [WARNING] [aiogram.dispatcher] - Sleep for 5.029616 seconds and try again... (tryings = 190, bot id = 8715181010)
[2026-07-26 17:52:41,335] [ERROR] [aiogram.dispatcher] - Failed to fetch updates - TelegramConflictError: Telegram server says - Conflict: terminated by other getUpdates request; make sure that only one bot instance is running
[2026-07-26 17:52:41,335] [WARNING] [aiogram.dispatcher] - Sleep for 4.818353 seconds and try again... (tryings = 191, bot id = 8715181010)
[2026-07-26 17:52:51,308] [ERROR] [aiogram.dispatcher] - Failed to fetch updates - TelegramConflictError: Telegram server says - Conflict: terminated by other getUpdates request; make sure that only one bot instance is running
[2026-07-26 17:52:51,308] [WARNING] [aiogram.dispatcher] - Sleep for 4.992117 seconds and try again... (tryings = 192, bot id = 8715181010)
[2026-07-26 17:53:01,243] [ERROR] [aiogram.dispatcher] - Failed to fetch updates - TelegramConflictError: Telegram server says - Conflict: terminated by other getUpdates request; make sure that only one bot instance is running
[2026-07-26 17:53:01,243] [WARNING] [aiogram.dispatcher] - Sleep for 5.082890 seconds and try again... (tryings = 193, bot id = 8715181010)
[2026-07-26 17:53:11,429] [ERROR] [aiogram.dispatcher] - Failed to fetch updates - TelegramConflictError: Telegram server says - Conflict: terminated by other getUpdates request; make sure that only one bot instance is running
[2026-07-26 17:53:11,429] [WARNING] [aiogram.dispatcher] - Sleep for 5.060902 seconds and try again... (tryings = 194, bot id = 8715181010)
[2026-07-26 17:53:21,691] [ERROR] [aiogram.dispatcher] - Failed to fetch updates - TelegramConflictError: Telegram server says - Conflict: terminated by other getUpdates request; make sure that only one bot instance is running
[2026-07-26 17:53:21,692] [WARNING] [aiogram.dispatcher] - Sleep for 4.981042 seconds and try again... (tryings = 195, bot id = 8715181010)
[2026-07-26 17:53:31,561] [ERROR] [aiogram.dispatcher] - Failed to fetch updates - TelegramConflictError: Telegram server says - Conflict: terminated by other getUpdates request; make sure that only one bot instance is running
[2026-07-26 17:53:31,562] [WARNING] [aiogram.dispatcher] - Sleep for 4.955628 seconds and try again... (tryings = 196, bot id = 8715181010)
[2026-07-26 17:53:41,691] [ERROR] [aiogram.dispatcher] - Failed to fetch updates - TelegramConflictError: Telegram server says - Conflict: terminated by other getUpdates request; make sure that only one bot instance is running
[2026-07-26 17:53:41,691] [WARNING] [aiogram.dispatcher] - Sleep for 5.109160 seconds and try again... (tryings = 197, bot id = 8715181010)
[2026-07-26 17:53:51,915] [ERROR] [aiogram.dispatcher] - Failed to fetch updates - TelegramConflictError: Telegram server says - Conflict: terminated by other getUpdates request; make sure that only one bot instance is running
[2026-07-26 17:53:51,915] [WARNING] [aiogram.dispatcher] - Sleep for 5.227467 seconds and try again... (tryings = 198, bot id = 8715181010)
[2026-07-26 17:54:02,123] [ERROR] [aiogram.dispatcher] - Failed to fetch updates - TelegramConflictError: Telegram server says - Conflict: terminated by other getUpdates request; make sure that only one bot instance is running
[2026-07-26 17:54:02,124] [WARNING] [aiogram.dispatcher] - Sleep for 5.197144 seconds and try again... (tryings = 199, bot id = 8715181010)
[2026-07-26 17:54:12,365] [ERROR] [aiogram.dispatcher] - Failed to fetch updates - TelegramConflictError: Telegram server says - Conflict: terminated by other getUpdates request; make sure that only one bot instance is running
[2026-07-26 17:54:12,365] [WARNING] [aiogram.dispatcher] - Sleep for 4.965191 seconds and try again... (tryings = 200, bot id = 8715181010)
[2026-07-26 17:54:22,313] [ERROR] [aiogram.dispatcher] - Failed to fetch updates - TelegramConflictError: Telegram server says - Conflict: terminated by other getUpdates request; make sure that only one bot instance is running
[2026-07-26 17:54:22,313] [WARNING] [aiogram.dispatcher] - Sleep for 4.923731 seconds and try again... (tryings = 201, bot id = 8715181010)
[2026-07-26 17:54:32,346] [ERROR] [aiogram.dispatcher] - Failed to fetch updates - TelegramConflictError: Telegram server says - Conflict: terminated by other getUpdates request; make sure that only one bot instance is running
[2026-07-26 17:54:32,346] [WARNING] [aiogram.dispatcher] - Sleep for 4.938554 seconds and try again... (tryings = 202, bot id = 8715181010)
[2026-07-26 17:54:42,610] [ERROR] [aiogram.dispatcher] - Failed to fetch updates - TelegramConflictError: Telegram server says - Conflict: terminated by other getUpdates request; make sure that only one bot instance is running
[2026-07-26 17:54:42,611] [WARNING] [aiogram.dispatcher] - Sleep for 5.079683 seconds and try again... (tryings = 203, bot id = 8715181010)
[2026-07-26 17:54:52,825] [ERROR] [aiogram.dispatcher] - Failed to fetch updates - TelegramConflictError: Telegram server says - Conflict: terminated by other getUpdates request; make sure that only one bot instance is running
[2026-07-26 17:54:52,826] [WARNING] [aiogram.dispatcher] - Sleep for 5.021518 seconds and try again... (tryings = 204, bot id = 8715181010)
[2026-07-26 17:55:02,838] [ERROR] [aiogram.dispatcher] - Failed to fetch updates - TelegramConflictError: Telegram server says - Conflict: terminated by other getUpdates request; make sure that only one bot instance is running
[2026-07-26 17:55:02,839] [WARNING] [aiogram.dispatcher] - Sleep for 4.845966 seconds and try again... (tryings = 205, bot id = 8715181010)
[2026-07-26 17:55:12,676] [ERROR] [aiogram.dispatcher] - Failed to fetch updates - TelegramConflictError: Telegram server says - Conflict: terminated by other getUpdates request; make sure that only one bot instance is running
[2026-07-26 17:55:12,677] [WARNING] [aiogram.dispatcher] - Sleep for 5.211191 seconds and try again... (tryings = 206, bot id = 8715181010)
[2026-07-26 17:55:22,780] [ERROR] [aiogram.dispatcher] - Failed to fetch updates - TelegramConflictError: Telegram server says - Conflict: terminated by other getUpdates request; make sure that only one bot instance is running
[2026-07-26 17:55:22,781] [WARNING] [aiogram.dispatcher] - Sleep for 4.900287 seconds and try again... (tryings = 207, bot id = 8715181010)
[2026-07-26 17:55:32,752] [ERROR] [aiogram.dispatcher] - Failed to fetch updates - TelegramConflictError: Telegram server says - Conflict: terminated by other getUpdates request; make sure that only one bot instance is running
[2026-07-26 17:55:32,752] [WARNING] [aiogram.dispatcher] - Sleep for 5.005564 seconds and try again... (tryings = 208, bot id = 8715181010)
[2026-07-26 17:55:42,807] [ERROR] [aiogram.dispatcher] - Failed to fetch updates - TelegramConflictError: Telegram server says - Conflict: terminated by other getUpdates request; make sure that only one bot instance is running
[2026-07-26 17:55:42,807] [WARNING] [aiogram.dispatcher] - Sleep for 4.990630 seconds and try again... (tryings = 209, bot id = 8715181010)
[2026-07-26 17:55:52,754] [ERROR] [aiogram.dispatcher] - Failed to fetch updates - TelegramConflictError: Telegram server says - Conflict: terminated by other getUpdates request; make sure that only one bot instance is running
[2026-07-26 17:55:52,755] [WARNING] [aiogram.dispatcher] - Sleep for 5.027029 seconds and try again... (tryings = 210, bot id = 8715181010)
[2026-07-26 17:56:02,847] [ERROR] [aiogram.dispatcher] - Failed to fetch updates - TelegramConflictError: Telegram server says - Conflict: terminated by other getUpdates request; make sure that only one bot instance is running
[2026-07-26 17:56:02,847] [WARNING] [aiogram.dispatcher] - Sleep for 5.046247 seconds and try again... (tryings = 211, bot id = 8715181010)
[2026-07-26 17:56:13,015] [ERROR] [aiogram.dispatcher] - Failed to fetch updates - TelegramConflictError: Telegram server says - Conflict: terminated by other getUpdates request; make sure that only one bot instance is running
[2026-07-26 17:56:13,015] [WARNING] [aiogram.dispatcher] - Sleep for 4.834832 seconds and try again... (tryings = 212, bot id = 8715181010)
[2026-07-26 17:56:23,016] [ERROR] [aiogram.dispatcher] - Failed to fetch updates - TelegramConflictError: Telegram server says - Conflict: terminated by other getUpdates request; make sure that only one bot instance is running
[2026-07-26 17:56:23,016] [WARNING] [aiogram.dispatcher] - Sleep for 5.022497 seconds and try again... (tryings = 213, bot id = 8715181010)
[2026-07-26 17:56:33,101] [ERROR] [aiogram.dispatcher] - Failed to fetch updates - TelegramConflictError: Telegram server says - Conflict: terminated by other getUpdates request; make sure that only one bot instance is running
[2026-07-26 17:56:33,101] [WARNING] [aiogram.dispatcher] - Sleep for 4.977536 seconds and try again... (tryings = 214, bot id = 8715181010)
[2026-07-26 17:56:43,107] [ERROR] [aiogram.dispatcher] - Failed to fetch updates - TelegramConflictError: Telegram server says - Conflict: terminated by other getUpdates request; make sure that only one bot instance is running
[2026-07-26 17:56:43,107] [WARNING] [aiogram.dispatcher] - Sleep for 4.951181 seconds and try again... (tryings = 215, bot id = 8715181010)
[2026-07-26 17:56:53,127] [ERROR] [aiogram.dispatcher] - Failed to fetch updates - TelegramConflictError: Telegram server says - Conflict: terminated by other getUpdates request; make sure that only one bot instance is running
[2026-07-26 17:56:53,127] [WARNING] [aiogram.dispatcher] - Sleep for 4.975126 seconds and try again... (tryings = 216, bot id = 8715181010)
[2026-07-26 17:57:03,049] [ERROR] [aiogram.dispatcher] - Failed to fetch updates - TelegramConflictError: Telegram server says - Conflict: terminated by other getUpdates request; make sure that only one bot instance is running
[2026-07-26 17:57:03,049] [WARNING] [aiogram.dispatcher] - Sleep for 4.942886 seconds and try again... (tryings = 217, bot id = 8715181010)
[2026-07-26 17:57:13,162] [ERROR] [aiogram.dispatcher] - Failed to fetch updates - TelegramConflictError: Telegram server says - Conflict: terminated by other getUpdates request; make sure that only one bot instance is running
[2026-07-26 17:57:13,163] [WARNING] [aiogram.dispatcher] - Sleep for 5.083113 seconds and try again... (tryings = 218, bot id = 8715181010)
[2026-07-26 17:57:23,451] [ERROR] [aiogram.dispatcher] - Failed to fetch updates - TelegramConflictError: Telegram server says - Conflict: terminated by other getUpdates request; make sure that only one bot instance is running
[2026-07-26 17:57:23,451] [WARNING] [aiogram.dispatcher] - Sleep for 4.903152 seconds and try again... (tryings = 219, bot id = 8715181010)
[2026-07-26 17:57:33,487] [ERROR] [aiogram.dispatcher] - Failed to fetch updates - TelegramConflictError: Telegram server says - Conflict: terminated by other getUpdates request; make sure that only one bot instance is running
[2026-07-26 17:57:33,487] [WARNING] [aiogram.dispatcher] - Sleep for 5.093511 seconds and try again... (tryings = 220, bot id = 8715181010)
[2026-07-26 17:57:43,755] [ERROR] [aiogram.dispatcher] - Failed to fetch updates - TelegramConflictError: Telegram server says - Conflict: terminated by other getUpdates request; make sure that only one bot instance is running
[2026-07-26 17:57:43,755] [WARNING] [aiogram.dispatcher] - Sleep for 4.981838 seconds and try again... (tryings = 221, bot id = 8715181010)
[2026-07-26 17:57:53,755] [ERROR] [aiogram.dispatcher] - Failed to fetch updates - TelegramConflictError: Telegram server says - Conflict: terminated by other getUpdates request; make sure that only one bot instance is running
[2026-07-26 17:57:53,756] [WARNING] [aiogram.dispatcher] - Sleep for 5.065380 seconds and try again... (tryings = 222, bot id = 8715181010)
[2026-07-26 17:58:03,993] [ERROR] [aiogram.dispatcher] - Failed to fetch updates - TelegramConflictError: Telegram server says - Conflict: terminated by other getUpdates request; make sure that only one bot instance is running
[2026-07-26 17:58:03,994] [WARNING] [aiogram.dispatcher] - Sleep for 5.055879 seconds and try again... (tryings = 223, bot id = 8715181010)
[2026-07-26 17:58:14,089] [ERROR] [aiogram.dispatcher] - Failed to fetch updates - TelegramConflictError: Telegram server says - Conflict: terminated by other getUpdates request; make sure that only one bot instance is running
[2026-07-26 17:58:14,090] [WARNING] [aiogram.dispatcher] - Sleep for 4.969778 seconds and try again... (tryings = 224, bot id = 8715181010)
[2026-07-26 17:58:24,140] [ERROR] [aiogram.dispatcher] - Failed to fetch updates - TelegramConflictError: Telegram server says - Conflict: terminated by other getUpdates request; make sure that only one bot instance is running
[2026-07-26 17:58:24,140] [WARNING] [aiogram.dispatcher] - Sleep for 5.021875 seconds and try again... (tryings = 225, bot id = 8715181010)
[2026-07-26 17:58:34,227] [ERROR] [aiogram.dispatcher] - Failed to fetch updates - TelegramConflictError: Telegram server says - Conflict: terminated by other getUpdates request; make sure that only one bot instance is running
[2026-07-26 17:58:34,228] [WARNING] [aiogram.dispatcher] - Sleep for 5.098723 seconds and try again... (tryings = 226, bot id = 8715181010)
[2026-07-26 17:58:44,358] [ERROR] [aiogram.dispatcher] - Failed to fetch updates - TelegramConflictError: Telegram server says - Conflict: terminated by other getUpdates request; make sure that only one bot instance is running
[2026-07-26 17:58:44,359] [WARNING] [aiogram.dispatcher] - Sleep for 4.815166 seconds and try again... (tryings = 227, bot id = 8715181010)
[2026-07-26 17:58:54,162] [ERROR] [aiogram.dispatcher] - Failed to fetch updates - TelegramConflictError: Telegram server says - Conflict: terminated by other getUpdates request; make sure that only one bot instance is running
[2026-07-26 17:58:54,163] [WARNING] [aiogram.dispatcher] - Sleep for 4.964324 seconds and try again... (tryings = 228, bot id = 8715181010)
[2026-07-26 17:59:04,278] [ERROR] [aiogram.dispatcher] - Failed to fetch updates - TelegramConflictError: Telegram server says - Conflict: terminated by other getUpdates request; make sure that only one bot instance is running
[2026-07-26 17:59:04,278] [WARNING] [aiogram.dispatcher] - Sleep for 5.033465 seconds and try again... (tryings = 229, bot id = 8715181010)
[2026-07-26 17:59:14,448] [ERROR] [aiogram.dispatcher] - Failed to fetch updates - TelegramConflictError: Telegram server says - Conflict: terminated by other getUpdates request; make sure that only one bot instance is running
[2026-07-26 17:59:14,448] [WARNING] [aiogram.dispatcher] - Sleep for 5.026805 seconds and try again... (tryings = 230, bot id = 8715181010)
[2026-07-26 17:59:24,638] [ERROR] [aiogram.dispatcher] - Failed to fetch updates - TelegramConflictError: Telegram server says - Conflict: terminated by other getUpdates request; make sure that only one bot instance is running
[2026-07-26 17:59:24,638] [WARNING] [aiogram.dispatcher] - Sleep for 5.066438 seconds and try again... (tryings = 231, bot id = 8715181010)
[2026-07-26 17:59:34,726] [ERROR] [aiogram.dispatcher] - Failed to fetch updates - TelegramConflictError: Telegram server says - Conflict: terminated by other getUpdates request; make sure that only one bot instance is running
[2026-07-26 17:59:34,726] [WARNING] [aiogram.dispatcher] - Sleep for 5.014062 seconds and try again... (tryings = 232, bot id = 8715181010)
[2026-07-26 17:59:44,719] [ERROR] [aiogram.dispatcher] - Failed to fetch updates - TelegramConflictError: Telegram server says - Conflict: terminated by other getUpdates request; make sure that only one bot instance is running
[2026-07-26 17:59:44,719] [WARNING] [aiogram.dispatcher] - Sleep for 4.986290 seconds and try again... (tryings = 233, bot id = 8715181010)
[2026-07-26 17:59:54,526] [ERROR] [aiogram.dispatcher] - Failed to fetch updates - TelegramConflictError: Telegram server says - Conflict: terminated by other getUpdates request; make sure that only one bot instance is running
[2026-07-26 17:59:54,527] [WARNING] [aiogram.dispatcher] - Sleep for 5.024109 seconds and try again... (tryings = 234, bot id = 8715181010)
[2026-07-26 18:00:04,710] [ERROR] [aiogram.dispatcher] - Failed to fetch updates - TelegramConflictError: Telegram server says - Conflict: terminated by other getUpdates request; make sure that only one bot instance is running
[2026-07-26 18:00:04,710] [WARNING] [aiogram.dispatcher] - Sleep for 5.047193 seconds and try again... (tryings = 235, bot id = 8715181010)
[2026-07-26 18:00:14,837] [ERROR] [aiogram.dispatcher] - Failed to fetch updates - TelegramConflictError: Telegram server says - Conflict: terminated by other getUpdates request; make sure that only one bot instance is running
[2026-07-26 18:00:14,838] [WARNING] [aiogram.dispatcher] - Sleep for 4.836266 seconds and try again... (tryings = 236, bot id = 8715181010)
[2026-07-26 18:00:24,633] [ERROR] [aiogram.dispatcher] - Failed to fetch updates - TelegramConflictError: Telegram server says - Conflict: terminated by other getUpdates request; make sure that only one bot instance is running
[2026-07-26 18:00:24,634] [WARNING] [aiogram.dispatcher] - Sleep for 4.728782 seconds and try again... (tryings = 237, bot id = 8715181010)
[2026-07-26 18:00:34,394] [ERROR] [aiogram.dispatcher] - Failed to fetch updates - TelegramConflictError: Telegram server says - Conflict: terminated by other getUpdates request; make sure that only one bot instance is running
[2026-07-26 18:00:34,395] [WARNING] [aiogram.dispatcher] - Sleep for 4.867910 seconds and try again... (tryings = 238, bot id = 8715181010)
[2026-07-26 18:00:44,370] [ERROR] [aiogram.dispatcher] - Failed to fetch updates - TelegramConflictError: Telegram server says - Conflict: terminated by other getUpdates request; make sure that only one bot instance is running
[2026-07-26 18:00:44,370] [WARNING] [aiogram.dispatcher] - Sleep for 4.965114 seconds and try again... (tryings = 239, bot id = 8715181010)
[2026-07-26 18:00:54,311] [ERROR] [aiogram.dispatcher] - Failed to fetch updates - TelegramConflictError: Telegram server says - Conflict: terminated by other getUpdates request; make sure that only one bot instance is running
[2026-07-26 18:00:54,311] [WARNING] [aiogram.dispatcher] - Sleep for 5.038012 seconds and try again... (tryings = 240, bot id = 8715181010)
[2026-07-26 18:01:04,352] [ERROR] [aiogram.dispatcher] - Failed to fetch updates - TelegramConflictError: Telegram server says - Conflict: terminated by other getUpdates request; make sure that only one bot instance is running
[2026-07-26 18:01:04,352] [WARNING] [aiogram.dispatcher] - Sleep for 5.039942 seconds and try again... (tryings = 241, bot id = 8715181010)
[2026-07-26 18:01:14,383] [ERROR] [aiogram.dispatcher] - Failed to fetch updates - TelegramConflictError: Telegram server says - Conflict: terminated by other getUpdates request; make sure that only one bot instance is running
[2026-07-26 18:01:14,383] [WARNING] [aiogram.dispatcher] - Sleep for 5.230910 seconds and try again... (tryings = 242, bot id = 8715181010)
[2026-07-26 18:01:24,758] [ERROR] [aiogram.dispatcher] - Failed to fetch updates - TelegramConflictError: Telegram server says - Conflict: terminated by other getUpdates request; make sure that only one bot instance is running
[2026-07-26 18:01:24,758] [WARNING] [aiogram.dispatcher] - Sleep for 4.919138 seconds and try again... (tryings = 243, bot id = 8715181010)
[2026-07-26 18:01:34,782] [ERROR] [aiogram.dispatcher] - Failed to fetch updates - TelegramConflictError: Telegram server says - Conflict: terminated by other getUpdates request; make sure that only one bot instance is running
[2026-07-26 18:01:34,783] [WARNING] [aiogram.dispatcher] - Sleep for 5.077940 seconds and try again... (tryings = 244, bot id = 8715181010)
[2026-07-26 18:01:44,891] [ERROR] [aiogram.dispatcher] - Failed to fetch updates - TelegramConflictError: Telegram server says - Conflict: terminated by other getUpdates request; make sure that only one bot instance is running
[2026-07-26 18:01:44,891] [WARNING] [aiogram.dispatcher] - Sleep for 5.125384 seconds and try again... (tryings = 245, bot id = 8715181010)
[2026-07-26 18:01:54,967] [ERROR] [aiogram.dispatcher] - Failed to fetch updates - TelegramConflictError: Telegram server says - Conflict: terminated by other getUpdates request; make sure that only one bot instance is running
[2026-07-26 18:01:54,968] [WARNING] [aiogram.dispatcher] - Sleep for 4.937391 seconds and try again... (tryings = 246, bot id = 8715181010)
[2026-07-26 18:02:04,870] [ERROR] [aiogram.dispatcher] - Failed to fetch updates - TelegramConflictError: Telegram server says - Conflict: terminated by other getUpdates request; make sure that only one bot instance is running
[2026-07-26 18:02:04,871] [WARNING] [aiogram.dispatcher] - Sleep for 5.031019 seconds and try again... (tryings = 247, bot id = 8715181010)
[2026-07-26 18:02:15,123] [ERROR] [aiogram.dispatcher] - Failed to fetch updates - TelegramConflictError: Telegram server says - Conflict: terminated by other getUpdates request; make sure that only one bot instance is running
[2026-07-26 18:02:15,124] [WARNING] [aiogram.dispatcher] - Sleep for 5.003023 seconds and try again... (tryings = 248, bot id = 8715181010)
[2026-07-26 18:02:25,241] [ERROR] [aiogram.dispatcher] - Failed to fetch updates - TelegramConflictError: Telegram server says - Conflict: terminated by other getUpdates request; make sure that only one bot instance is running
[2026-07-26 18:02:25,241] [WARNING] [aiogram.dispatcher] - Sleep for 4.834055 seconds and try again... (tryings = 249, bot id = 8715181010)
[2026-07-26 18:02:35,089] [ERROR] [aiogram.dispatcher] - Failed to fetch updates - TelegramConflictError: Telegram server says - Conflict: terminated by other getUpdates request; make sure that only one bot instance is running
[2026-07-26 18:02:35,090] [WARNING] [aiogram.dispatcher] - Sleep for 5.020096 seconds and try again... (tryings = 250, bot id = 8715181010)
[2026-07-26 18:02:45,206] [ERROR] [aiogram.dispatcher] - Failed to fetch updates - TelegramConflictError: Telegram server says - Conflict: terminated by other getUpdates request; make sure that only one bot instance is running
[2026-07-26 18:02:45,206] [WARNING] [aiogram.dispatcher] - Sleep for 4.902587 seconds and try again... (tryings = 251, bot id = 8715181010)
[2026-07-26 18:02:55,201] [ERROR] [aiogram.dispatcher] - Failed to fetch updates - TelegramConflictError: Telegram server says - Conflict: terminated by other getUpdates request; make sure that only one bot instance is running
[2026-07-26 18:02:55,201] [WARNING] [aiogram.dispatcher] - Sleep for 4.964905 seconds and try again... (tryings = 252, bot id = 8715181010)
[2026-07-26 18:03:05,266] [ERROR] [aiogram.dispatcher] - Failed to fetch updates - TelegramConflictError: Telegram server says - Conflict: terminated by other getUpdates request; make sure that only one bot instance is running
[2026-07-26 18:03:05,267] [WARNING] [aiogram.dispatcher] - Sleep for 5.005468 seconds and try again... (tryings = 253, bot id = 8715181010)
[2026-07-26 18:03:15,296] [ERROR] [aiogram.dispatcher] - Failed to fetch updates - TelegramConflictError: Telegram server says - Conflict: terminated by other getUpdates request; make sure that only one bot instance is running
[2026-07-26 18:03:15,297] [WARNING] [aiogram.dispatcher] - Sleep for 4.953500 seconds and try again... (tryings = 254, bot id = 8715181010)
[2026-07-26 18:03:25,367] [ERROR] [aiogram.dispatcher] - Failed to fetch updates - TelegramConflictError: Telegram server says - Conflict: terminated by other getUpdates request; make sure that only one bot instance is running
[2026-07-26 18:03:25,368] [WARNING] [aiogram.dispatcher] - Sleep for 5.026090 seconds and try again... (tryings = 255, bot id = 8715181010)
[2026-07-26 18:03:35,377] [ERROR] [aiogram.dispatcher] - Failed to fetch updates - TelegramConflictError: Telegram server says - Conflict: terminated by other getUpdates request; make sure that only one bot instance is running
[2026-07-26 18:03:35,377] [WARNING] [aiogram.dispatcher] - Sleep for 5.236475 seconds and try again... (tryings = 256, bot id = 8715181010)
[2026-07-26 18:03:45,549] [ERROR] [aiogram.dispatcher] - Failed to fetch updates - TelegramConflictError: Telegram server says - Conflict: terminated by other getUpdates request; make sure that only one bot instance is running
[2026-07-26 18:03:45,549] [WARNING] [aiogram.dispatcher] - Sleep for 4.948743 seconds and try again... (tryings = 257, bot id = 8715181010)
[2026-07-26 18:03:55,530] [ERROR] [aiogram.dispatcher] - Failed to fetch updates - TelegramConflictError: Telegram server says - Conflict: terminated by other getUpdates request; make sure that only one bot instance is running
[2026-07-26 18:03:55,530] [WARNING] [aiogram.dispatcher] - Sleep for 5.077417 seconds and try again... (tryings = 258, bot id = 8715181010)
[2026-07-26 18:04:05,680] [ERROR] [aiogram.dispatcher] - Failed to fetch updates - TelegramConflictError: Telegram server says - Conflict: terminated by other getUpdates request; make sure that only one bot instance is running
[2026-07-26 18:04:05,681] [WARNING] [aiogram.dispatcher] - Sleep for 5.211498 seconds and try again... (tryings = 259, bot id = 8715181010)
[2026-07-26 18:04:16,149] [ERROR] [aiogram.dispatcher] - Failed to fetch updates - TelegramConflictError: Telegram server says - Conflict: terminated by other getUpdates request; make sure that only one bot instance is running
[2026-07-26 18:04:16,149] [WARNING] [aiogram.dispatcher] - Sleep for 4.999047 seconds and try again... (tryings = 260, bot id = 8715181010)
[2026-07-26 18:04:26,282] [ERROR] [aiogram.dispatcher] - Failed to fetch updates - TelegramConflictError: Telegram server says - Conflict: terminated by other getUpdates request; make sure that only one bot instance is running
[2026-07-26 18:04:26,283] [WARNING] [aiogram.dispatcher] - Sleep for 5.061203 seconds and try again... (tryings = 261, bot id = 8715181010)
[2026-07-26 18:04:36,491] [ERROR] [aiogram.dispatcher] - Failed to fetch updates - TelegramConflictError: Telegram server says - Conflict: terminated by other getUpdates request; make sure that only one bot instance is running
[2026-07-26 18:04:36,491] [WARNING] [aiogram.dispatcher] - Sleep for 5.001379 seconds and try again... (tryings = 262, bot id = 8715181010)
[2026-07-26 18:04:46,487] [ERROR] [aiogram.dispatcher] - Failed to fetch updates - TelegramConflictError: Telegram server says - Conflict: terminated by other getUpdates request; make sure that only one bot instance is running
[2026-07-26 18:04:46,487] [WARNING] [aiogram.dispatcher] - Sleep for 5.060188 seconds and try again... (tryings = 263, bot id = 8715181010)
[2026-07-26 18:04:56,613] [ERROR] [aiogram.dispatcher] - Failed to fetch updates - TelegramConflictError: Telegram server says - Conflict: terminated by other getUpdates request; make sure that only one bot instance is running
[2026-07-26 18:04:56,613] [WARNING] [aiogram.dispatcher] - Sleep for 4.870248 seconds and try again... (tryings = 264, bot id = 8715181010)
[2026-07-26 18:05:06,688] [ERROR] [aiogram.dispatcher] - Failed to fetch updates - TelegramConflictError: Telegram server says - Conflict: terminated by other getUpdates request; make sure that only one bot instance is running
[2026-07-26 18:05:06,689] [WARNING] [aiogram.dispatcher] - Sleep for 4.963283 seconds and try again... (tryings = 265, bot id = 8715181010)
[2026-07-26 18:05:16,606] [ERROR] [aiogram.dispatcher] - Failed to fetch updates - TelegramConflictError: Telegram server says - Conflict: terminated by other getUpdates request; make sure that only one bot instance is running
[2026-07-26 18:05:16,606] [WARNING] [aiogram.dispatcher] - Sleep for 4.932269 seconds and try again... (tryings = 266, bot id = 8715181010)
[2026-07-26 18:05:26,751] [ERROR] [aiogram.dispatcher] - Failed to fetch updates - TelegramConflictError: Telegram server says - Conflict: terminated by other getUpdates request; make sure that only one bot instance is running
[2026-07-26 18:05:26,752] [WARNING] [aiogram.dispatcher] - Sleep for 4.977184 seconds and try again... (tryings = 267, bot id = 8715181010)
[2026-07-26 18:05:36,784] [ERROR] [aiogram.dispatcher] - Failed to fetch updates - TelegramConflictError: Telegram server says - Conflict: terminated by other getUpdates request; make sure that only one bot instance is running
[2026-07-26 18:05:36,785] [WARNING] [aiogram.dispatcher] - Sleep for 5.229733 seconds and try again... (tryings = 268, bot id = 8715181010)
[2026-07-26 18:05:46,995] [ERROR] [aiogram.dispatcher] - Failed to fetch updates - TelegramConflictError: Telegram server says - Conflict: terminated by other getUpdates request; make sure that only one bot instance is running
[2026-07-26 18:05:46,996] [WARNING] [aiogram.dispatcher] - Sleep for 5.031789 seconds and try again... (tryings = 269, bot id = 8715181010)
[2026-07-26 18:05:57,130] [ERROR] [aiogram.dispatcher] - Failed to fetch updates - TelegramConflictError: Telegram server says - Conflict: terminated by other getUpdates request; make sure that only one bot instance is running
[2026-07-26 18:05:57,130] [WARNING] [aiogram.dispatcher] - Sleep for 5.102120 seconds and try again... (tryings = 270, bot id = 8715181010)
[2026-07-26 18:06:07,103] [ERROR] [aiogram.dispatcher] - Failed to fetch updates - TelegramConflictError: Telegram server says - Conflict: terminated by other getUpdates request; make sure that only one bot instance is running
[2026-07-26 18:06:07,103] [WARNING] [aiogram.dispatcher] - Sleep for 4.972778 seconds and try again... (tryings = 271, bot id = 8715181010)
[2026-07-26 18:06:17,134] [ERROR] [aiogram.dispatcher] - Failed to fetch updates - TelegramConflictError: Telegram server says - Conflict: terminated by other getUpdates request; make sure that only one bot instance is running
[2026-07-26 18:06:17,135] [WARNING] [aiogram.dispatcher] - Sleep for 5.013506 seconds and try again... (tryings = 272, bot id = 8715181010)
[2026-07-26 18:06:27,156] [ERROR] [aiogram.dispatcher] - Failed to fetch updates - TelegramConflictError: Telegram server says - Conflict: terminated by other getUpdates request; make sure that only one bot instance is running
[2026-07-26 18:06:27,157] [WARNING] [aiogram.dispatcher] - Sleep for 5.034763 seconds and try again... (tryings = 273, bot id = 8715181010)
[2026-07-26 18:06:37,302] [ERROR] [aiogram.dispatcher] - Failed to fetch updates - TelegramConflictError: Telegram server says - Conflict: terminated by other getUpdates request; make sure that only one bot instance is running
[2026-07-26 18:06:37,303] [WARNING] [aiogram.dispatcher] - Sleep for 5.058939 seconds and try again... (tryings = 274, bot id = 8715181010)
[2026-07-26 18:06:47,308] [ERROR] [aiogram.dispatcher] - Failed to fetch updates - TelegramConflictError: Telegram server says - Conflict: terminated by other getUpdates request; make sure that only one bot instance is running
[2026-07-26 18:06:47,308] [WARNING] [aiogram.dispatcher] - Sleep for 5.137362 seconds and try again... (tryings = 275, bot id = 8715181010)
[2026-07-26 18:06:57,517] [ERROR] [aiogram.dispatcher] - Failed to fetch updates - TelegramConflictError: Telegram server says - Conflict: terminated by other getUpdates request; make sure that only one bot instance is running
[2026-07-26 18:06:57,517] [WARNING] [aiogram.dispatcher] - Sleep for 4.989800 seconds and try again... (tryings = 276, bot id = 8715181010)
[2026-07-26 18:07:07,571] [ERROR] [aiogram.dispatcher] - Failed to fetch updates - TelegramConflictError: Telegram server says - Conflict: terminated by other getUpdates request; make sure that only one bot instance is running
[2026-07-26 18:07:07,572] [WARNING] [aiogram.dispatcher] - Sleep for 4.704678 seconds and try again... (tryings = 277, bot id = 8715181010)
[2026-07-26 18:07:17,444] [ERROR] [aiogram.dispatcher] - Failed to fetch updates - TelegramConflictError: Telegram server says - Conflict: terminated by other getUpdates request; make sure that only one bot instance is running
[2026-07-26 18:07:17,445] [WARNING] [aiogram.dispatcher] - Sleep for 4.881038 seconds and try again... (tryings = 278, bot id = 8715181010)
[2026-07-26 18:07:27,260] [ERROR] [aiogram.dispatcher] - Failed to fetch updates - TelegramConflictError: Telegram server says - Conflict: terminated by other getUpdates request; make sure that only one bot instance is running
[2026-07-26 18:07:27,260] [WARNING] [aiogram.dispatcher] - Sleep for 5.069613 seconds and try again... (tryings = 279, bot id = 8715181010)
[2026-07-26 18:07:37,572] [ERROR] [aiogram.dispatcher] - Failed to fetch updates - TelegramConflictError: Telegram server says - Conflict: terminated by other getUpdates request; make sure that only one bot instance is running
[2026-07-26 18:07:37,572] [WARNING] [aiogram.dispatcher] - Sleep for 5.024699 seconds and try again... (tryings = 280, bot id = 8715181010)
[2026-07-26 18:07:47,509] [ERROR] [aiogram.dispatcher] - Failed to fetch updates - TelegramConflictError: Telegram server says - Conflict: terminated by other getUpdates request; make sure that only one bot instance is running
[2026-07-26 18:07:47,510] [WARNING] [aiogram.dispatcher] - Sleep for 4.841865 seconds and try again... (tryings = 281, bot id = 8715181010)
[2026-07-26 18:07:57,427] [ERROR] [aiogram.dispatcher] - Failed to fetch updates - TelegramConflictError: Telegram server says - Conflict: terminated by other getUpdates request; make sure that only one bot instance is running
[2026-07-26 18:07:57,428] [WARNING] [aiogram.dispatcher] - Sleep for 4.913830 seconds and try again... (tryings = 282, bot id = 8715181010)
[2026-07-26 18:08:07,326] [ERROR] [aiogram.dispatcher] - Failed to fetch updates - TelegramConflictError: Telegram server says - Conflict: terminated by other getUpdates request; make sure that only one bot instance is running
[2026-07-26 18:08:07,327] [WARNING] [aiogram.dispatcher] - Sleep for 4.878175 seconds and try again... (tryings = 283, bot id = 8715181010)
[2026-07-26 18:08:17,324] [ERROR] [aiogram.dispatcher] - Failed to fetch updates - TelegramConflictError: Telegram server says - Conflict: terminated by other getUpdates request; make sure that only one bot instance is running
[2026-07-26 18:08:17,325] [WARNING] [aiogram.dispatcher] - Sleep for 4.799100 seconds and try again... (tryings = 284, bot id = 8715181010)
[2026-07-26 18:08:27,036] [ERROR] [aiogram.dispatcher] - Failed to fetch updates - TelegramConflictError: Telegram server says - Conflict: terminated by other getUpdates request; make sure that only one bot instance is running
[2026-07-26 18:08:27,037] [WARNING] [aiogram.dispatcher] - Sleep for 4.900182 seconds and try again... (tryings = 285, bot id = 8715181010)
[2026-07-26 18:08:37,016] [ERROR] [aiogram.dispatcher] - Failed to fetch updates - TelegramConflictError: Telegram server says - Conflict: terminated by other getUpdates request; make sure that only one bot instance is running
[2026-07-26 18:08:37,016] [WARNING] [aiogram.dispatcher] - Sleep for 5.057728 seconds and try again... (tryings = 286, bot id = 8715181010)
[2026-07-26 18:08:47,280] [ERROR] [aiogram.dispatcher] - Failed to fetch updates - TelegramConflictError: Telegram server says - Conflict: terminated by other getUpdates request; make sure that only one bot instance is running
[2026-07-26 18:08:47,281] [WARNING] [aiogram.dispatcher] - Sleep for 4.853825 seconds and try again... (tryings = 287, bot id = 8715181010)
[2026-07-26 18:08:57,230] [ERROR] [aiogram.dispatcher] - Failed to fetch updates - TelegramConflictError: Telegram server says - Conflict: terminated by other getUpdates request; make sure that only one bot instance is running
[2026-07-26 18:08:57,231] [WARNING] [aiogram.dispatcher] - Sleep for 5.060188 seconds and try again... (tryings = 288, bot id = 8715181010)
[2026-07-26 18:09:07,299] [ERROR] [aiogram.dispatcher] - Failed to fetch updates - TelegramConflictError: Telegram server says - Conflict: terminated by other getUpdates request; make sure that only one bot instance is running
[2026-07-26 18:09:07,299] [WARNING] [aiogram.dispatcher] - Sleep for 4.898821 seconds and try again... (tryings = 289, bot id = 8715181010)
[2026-07-26 18:09:17,333] [ERROR] [aiogram.dispatcher] - Failed to fetch updates - TelegramConflictError: Telegram server says - Conflict: terminated by other getUpdates request; make sure that only one bot instance is running
[2026-07-26 18:09:17,333] [WARNING] [aiogram.dispatcher] - Sleep for 4.965674 seconds and try again... (tryings = 290, bot id = 8715181010)
[2026-07-26 18:09:27,317] [ERROR] [aiogram.dispatcher] - Failed to fetch updates - TelegramConflictError: Telegram server says - Conflict: terminated by other getUpdates request; make sure that only one bot instance is running
[2026-07-26 18:09:27,317] [WARNING] [aiogram.dispatcher] - Sleep for 5.048978 seconds and try again... (tryings = 291, bot id = 8715181010)
[2026-07-26 18:09:37,513] [ERROR] [aiogram.dispatcher] - Failed to fetch updates - TelegramConflictError: Telegram server says - Conflict: terminated by other getUpdates request; make sure that only one bot instance is running
[2026-07-26 18:09:37,513] [WARNING] [aiogram.dispatcher] - Sleep for 5.169846 seconds and try again... (tryings = 292, bot id = 8715181010)
[2026-07-26 18:09:47,668] [ERROR] [aiogram.dispatcher] - Failed to fetch updates - TelegramConflictError: Telegram server says - Conflict: terminated by other getUpdates request; make sure that only one bot instance is running
[2026-07-26 18:09:47,668] [WARNING] [aiogram.dispatcher] - Sleep for 5.035380 seconds and try again... (tryings = 293, bot id = 8715181010)
[2026-07-26 18:09:57,608] [ERROR] [aiogram.dispatcher] - Failed to fetch updates - TelegramConflictError: Telegram server says - Conflict: terminated by other getUpdates request; make sure that only one bot instance is running
[2026-07-26 18:09:57,608] [WARNING] [aiogram.dispatcher] - Sleep for 5.070886 seconds and try again... (tryings = 294, bot id = 8715181010)
[2026-07-26 18:10:07,861] [ERROR] [aiogram.dispatcher] - Failed to fetch updates - TelegramConflictError: Telegram server says - Conflict: terminated by other getUpdates request; make sure that only one bot instance is running
[2026-07-26 18:10:07,862] [WARNING] [aiogram.dispatcher] - Sleep for 5.046076 seconds and try again... (tryings = 295, bot id = 8715181010)
[2026-07-26 18:10:18,064] [ERROR] [aiogram.dispatcher] - Failed to fetch updates - TelegramConflictError: Telegram server says - Conflict: terminated by other getUpdates request; make sure that only one bot instance is running
[2026-07-26 18:10:18,064] [WARNING] [aiogram.dispatcher] - Sleep for 4.979941 seconds and try again... (tryings = 296, bot id = 8715181010)
[2026-07-26 18:10:27,974] [ERROR] [aiogram.dispatcher] - Failed to fetch updates - TelegramConflictError: Telegram server says - Conflict: terminated by other getUpdates request; make sure that only one bot instance is running
[2026-07-26 18:10:27,975] [WARNING] [aiogram.dispatcher] - Sleep for 4.896474 seconds and try again... (tryings = 297, bot id = 8715181010)
[2026-07-26 18:10:38,046] [ERROR] [aiogram.dispatcher] - Failed to fetch updates - TelegramConflictError: Telegram server says - Conflict: terminated by other getUpdates request; make sure that only one bot instance is running
[2026-07-26 18:10:38,046] [WARNING] [aiogram.dispatcher] - Sleep for 5.100342 seconds and try again... (tryings = 298, bot id = 8715181010)
[2026-07-26 18:10:48,225] [ERROR] [aiogram.dispatcher] - Failed to fetch updates - TelegramConflictError: Telegram server says - Conflict: terminated by other getUpdates request; make sure that only one bot instance is running
[2026-07-26 18:10:48,225] [WARNING] [aiogram.dispatcher] - Sleep for 4.895049 seconds and try again... (tryings = 299, bot id = 8715181010)
[2026-07-26 18:10:58,242] [ERROR] [aiogram.dispatcher] - Failed to fetch updates - TelegramConflictError: Telegram server says - Conflict: terminated by other getUpdates request; make sure that only one bot instance is running
[2026-07-26 18:10:58,243] [WARNING] [aiogram.dispatcher] - Sleep for 5.037130 seconds and try again... (tryings = 300, bot id = 8715181010)
[2026-07-26 18:11:08,537] [ERROR] [aiogram.dispatcher] - Failed to fetch updates - TelegramConflictError: Telegram server says - Conflict: terminated by other getUpdates request; make sure that only one bot instance is running
[2026-07-26 18:11:08,538] [WARNING] [aiogram.dispatcher] - Sleep for 5.086775 seconds and try again... (tryings = 301, bot id = 8715181010)
[2026-07-26 18:11:18,651] [ERROR] [aiogram.dispatcher] - Failed to fetch updates - TelegramConflictError: Telegram server says - Conflict: terminated by other getUpdates request; make sure that only one bot instance is running
[2026-07-26 18:11:18,651] [WARNING] [aiogram.dispatcher] - Sleep for 4.884589 seconds and try again... (tryings = 302, bot id = 8715181010)
[2026-07-26 18:11:28,732] [ERROR] [aiogram.dispatcher] - Failed to fetch updates - TelegramConflictError: Telegram server says - Conflict: terminated by other getUpdates request; make sure that only one bot instance is running
[2026-07-26 18:11:28,732] [WARNING] [aiogram.dispatcher] - Sleep for 5.095760 seconds and try again... (tryings = 303, bot id = 8715181010)
[2026-07-26 18:11:38,791] [ERROR] [aiogram.dispatcher] - Failed to fetch updates - TelegramConflictError: Telegram server says - Conflict: terminated by other getUpdates request; make sure that only one bot instance is running
[2026-07-26 18:11:38,791] [WARNING] [aiogram.dispatcher] - Sleep for 5.001020 seconds and try again... (tryings = 304, bot id = 8715181010)
[2026-07-26 18:11:48,892] [ERROR] [aiogram.dispatcher] - Failed to fetch updates - TelegramConflictError: Telegram server says - Conflict: terminated by other getUpdates request; make sure that only one bot instance is running
[2026-07-26 18:11:48,892] [WARNING] [aiogram.dispatcher] - Sleep for 4.958242 seconds and try again... (tryings = 305, bot id = 8715181010)
[2026-07-26 18:11:58,816] [ERROR] [aiogram.dispatcher] - Failed to fetch updates - TelegramConflictError: Telegram server says - Conflict: terminated by other getUpdates request; make sure that only one bot instance is running
[2026-07-26 18:11:58,817] [WARNING] [aiogram.dispatcher] - Sleep for 5.003445 seconds and try again... (tryings = 306, bot id = 8715181010)
[2026-07-26 18:12:08,819] [ERROR] [aiogram.dispatcher] - Failed to fetch updates - TelegramConflictError: Telegram server says - Conflict: terminated by other getUpdates request; make sure that only one bot instance is running
[2026-07-26 18:12:08,820] [WARNING] [aiogram.dispatcher] - Sleep for 5.030745 seconds and try again... (tryings = 307, bot id = 8715181010)
[2026-07-26 18:12:18,999] [ERROR] [aiogram.dispatcher] - Failed to fetch updates - TelegramConflictError: Telegram server says - Conflict: terminated by other getUpdates request; make sure that only one bot instance is running
[2026-07-26 18:12:19,000] [WARNING] [aiogram.dispatcher] - Sleep for 4.837921 seconds and try again... (tryings = 308, bot id = 8715181010)
[2026-07-26 18:12:28,899] [ERROR] [aiogram.dispatcher] - Failed to fetch updates - TelegramConflictError: Telegram server says - Conflict: terminated by other getUpdates request; make sure that only one bot instance is running
[2026-07-26 18:12:28,899] [WARNING] [aiogram.dispatcher] - Sleep for 4.942309 seconds and try again... (tryings = 309, bot id = 8715181010)
[2026-07-26 18:12:38,824] [ERROR] [aiogram.dispatcher] - Failed to fetch updates - TelegramConflictError: Telegram server says - Conflict: terminated by other getUpdates request; make sure that only one bot instance is running
[2026-07-26 18:12:38,824] [WARNING] [aiogram.dispatcher] - Sleep for 5.129229 seconds and try again... (tryings = 310, bot id = 8715181010)
[2026-07-26 18:12:49,203] [ERROR] [aiogram.dispatcher] - Failed to fetch updates - TelegramConflictError: Telegram server says - Conflict: terminated by other getUpdates request; make sure that only one bot instance is running
[2026-07-26 18:12:49,203] [WARNING] [aiogram.dispatcher] - Sleep for 4.978933 seconds and try again... (tryings = 311, bot id = 8715181010)
[2026-07-26 18:12:59,308] [ERROR] [aiogram.dispatcher] - Failed to fetch updates - TelegramConflictError: Telegram server says - Conflict: terminated by other getUpdates request; make sure that only one bot instance is running
[2026-07-26 18:12:59,308] [WARNING] [aiogram.dispatcher] - Sleep for 5.047115 seconds and try again... (tryings = 312, bot id = 8715181010)
[2026-07-26 18:13:09,495] [ERROR] [aiogram.dispatcher] - Failed to fetch updates - TelegramConflictError: Telegram server says - Conflict: terminated by other getUpdates request; make sure that only one bot instance is running
[2026-07-26 18:13:09,496] [WARNING] [aiogram.dispatcher] - Sleep for 4.892609 seconds and try again... (tryings = 313, bot id = 8715181010)
[2026-07-26 18:13:19,627] [ERROR] [aiogram.dispatcher] - Failed to fetch updates - TelegramConflictError: Telegram server says - Conflict: terminated by other getUpdates request; make sure that only one bot instance is running
[2026-07-26 18:13:19,628] [WARNING] [aiogram.dispatcher] - Sleep for 5.054714 seconds and try again... (tryings = 314, bot id = 8715181010)
[2026-07-26 18:13:29,660] [ERROR] [aiogram.dispatcher] - Failed to fetch updates - TelegramConflictError: Telegram server says - Conflict: terminated by other getUpdates request; make sure that only one bot instance is running
[2026-07-26 18:13:29,660] [WARNING] [aiogram.dispatcher] - Sleep for 5.131830 seconds and try again... (tryings = 315, bot id = 8715181010)
[2026-07-26 18:13:39,802] [ERROR] [aiogram.dispatcher] - Failed to fetch updates - TelegramConflictError: Telegram server says - Conflict: terminated by other getUpdates request; make sure that only one bot instance is running
[2026-07-26 18:13:39,802] [WARNING] [aiogram.dispatcher] - Sleep for 5.163950 seconds and try again... (tryings = 316, bot id = 8715181010)
[2026-07-26 18:13:49,860] [ERROR] [aiogram.dispatcher] - Failed to fetch updates - TelegramConflictError: Telegram server says - Conflict: terminated by other getUpdates request; make sure that only one bot instance is running
[2026-07-26 18:13:49,861] [WARNING] [aiogram.dispatcher] - Sleep for 4.972650 seconds and try again... (tryings = 317, bot id = 8715181010)
[2026-07-26 18:13:59,882] [ERROR] [aiogram.dispatcher] - Failed to fetch updates - TelegramConflictError: Telegram server says - Conflict: terminated by other getUpdates request; make sure that only one bot instance is running
[2026-07-26 18:13:59,882] [WARNING] [aiogram.dispatcher] - Sleep for 5.034279 seconds and try again... (tryings = 318, bot id = 8715181010)
[2026-07-26 18:14:10,061] [ERROR] [aiogram.dispatcher] - Failed to fetch updates - TelegramConflictError: Telegram server says - Conflict: terminated by other getUpdates request; make sure that only one bot instance is running
[2026-07-26 18:14:10,062] [WARNING] [aiogram.dispatcher] - Sleep for 4.869804 seconds and try again... (tryings = 319, bot id = 8715181010)
[2026-07-26 18:14:19,984] [ERROR] [aiogram.dispatcher] - Failed to fetch updates - TelegramConflictError: Telegram server says - Conflict: terminated by other getUpdates request; make sure that only one bot instance is running
[2026-07-26 18:14:19,985] [WARNING] [aiogram.dispatcher] - Sleep for 5.037495 seconds and try again... (tryings = 320, bot id = 8715181010)
[2026-07-26 18:14:30,056] [ERROR] [aiogram.dispatcher] - Failed to fetch updates - TelegramConflictError: Telegram server says - Conflict: terminated by other getUpdates request; make sure that only one bot instance is running
[2026-07-26 18:14:30,057] [WARNING] [aiogram.dispatcher] - Sleep for 4.901644 seconds and try again... (tryings = 321, bot id = 8715181010)
[2026-07-26 18:14:39,960] [ERROR] [aiogram.dispatcher] - Failed to fetch updates - TelegramConflictError: Telegram server says - Conflict: terminated by other getUpdates request; make sure that only one bot instance is running
[2026-07-26 18:14:39,960] [WARNING] [aiogram.dispatcher] - Sleep for 4.969374 seconds and try again... (tryings = 322, bot id = 8715181010)
[2026-07-26 18:14:50,044] [ERROR] [aiogram.dispatcher] - Failed to fetch updates - TelegramConflictError: Telegram server says - Conflict: terminated by other getUpdates request; make sure that only one bot instance is running
[2026-07-26 18:14:50,044] [WARNING] [aiogram.dispatcher] - Sleep for 5.085865 seconds and try again... (tryings = 323, bot id = 8715181010)
[2026-07-26 18:15:00,276] [ERROR] [aiogram.dispatcher] - Failed to fetch updates - TelegramConflictError: Telegram server says - Conflict: terminated by other getUpdates request; make sure that only one bot instance is running
[2026-07-26 18:15:00,276] [WARNING] [aiogram.dispatcher] - Sleep for 4.946597 seconds and try again... (tryings = 324, bot id = 8715181010)
[2026-07-26 18:15:10,171] [ERROR] [aiogram.dispatcher] - Failed to fetch updates - TelegramConflictError: Telegram server says - Conflict: terminated by other getUpdates request; make sure that only one bot instance is running
[2026-07-26 18:15:10,171] [WARNING] [aiogram.dispatcher] - Sleep for 4.905951 seconds and try again... (tryings = 325, bot id = 8715181010)
[2026-07-26 18:15:20,183] [ERROR] [aiogram.dispatcher] - Failed to fetch updates - TelegramConflictError: Telegram server says - Conflict: terminated by other getUpdates request; make sure that only one bot instance is running
[2026-07-26 18:15:20,183] [WARNING] [aiogram.dispatcher] - Sleep for 4.974022 seconds and try again... (tryings = 326, bot id = 8715181010)
[2026-07-26 18:15:30,287] [ERROR] [aiogram.dispatcher] - Failed to fetch updates - TelegramConflictError: Telegram server says - Conflict: terminated by other getUpdates request; make sure that only one bot instance is running
[2026-07-26 18:15:30,287] [WARNING] [aiogram.dispatcher] - Sleep for 4.977357 seconds and try again... (tryings = 327, bot id = 8715181010)
[2026-07-26 18:15:40,341] [ERROR] [aiogram.dispatcher] - Failed to fetch updates - TelegramConflictError: Telegram server says - Conflict: terminated by other getUpdates request; make sure that only one bot instance is running
[2026-07-26 18:15:40,342] [WARNING] [aiogram.dispatcher] - Sleep for 5.079262 seconds and try again... (tryings = 328, bot id = 8715181010)
[2026-07-26 18:15:50,429] [ERROR] [aiogram.dispatcher] - Failed to fetch updates - TelegramConflictError: Telegram server says - Conflict: terminated by other getUpdates request; make sure that only one bot instance is running
[2026-07-26 18:15:50,429] [WARNING] [aiogram.dispatcher] - Sleep for 5.067650 seconds and try again... (tryings = 329, bot id = 8715181010)
[2026-07-26 18:16:00,480] [ERROR] [aiogram.dispatcher] - Failed to fetch updates - TelegramConflictError: Telegram server says - Conflict: terminated by other getUpdates request; make sure that only one bot instance is running
[2026-07-26 18:16:00,480] [WARNING] [aiogram.dispatcher] - Sleep for 5.066018 seconds and try again... (tryings = 330, bot id = 8715181010)
[2026-07-26 18:16:10,474] [ERROR] [aiogram.dispatcher] - Failed to fetch updates - TelegramConflictError: Telegram server says - Conflict: terminated by other getUpdates request; make sure that only one bot instance is running
[2026-07-26 18:16:10,474] [WARNING] [aiogram.dispatcher] - Sleep for 4.966230 seconds and try again... (tryings = 331, bot id = 8715181010)
[2026-07-26 18:16:20,336] [ERROR] [aiogram.dispatcher] - Failed to fetch updates - TelegramConflictError: Telegram server says - Conflict: terminated by other getUpdates request; make sure that only one bot instance is running
[2026-07-26 18:16:20,336] [WARNING] [aiogram.dispatcher] - Sleep for 5.136531 seconds and try again... (tryings = 332, bot id = 8715181010)
[2026-07-26 18:16:30,687] [ERROR] [aiogram.dispatcher] - Failed to fetch updates - TelegramConflictError: Telegram server says - Conflict: terminated by other getUpdates request; make sure that only one bot instance is running
[2026-07-26 18:16:30,688] [WARNING] [aiogram.dispatcher] - Sleep for 5.076650 seconds and try again... (tryings = 333, bot id = 8715181010)
[2026-07-26 18:16:31,580] [INFO] [bot.services.scheduler] - 🔁 materialize_subscription_state: проход по 6 ключам
[2026-07-26 18:16:31,685] [INFO] [bot.services.panels.xui] - Обновлён клиент user_DerAndrey_1d544 через clients API: expiry=2026-07-28 17:19, limit=1000.0 ГБ, enable=True
[2026-07-26 18:16:31,710] [INFO] [bot.services.panels.xui] - Обновлён клиент user_Godmajik_a6ec1 через clients API: expiry=2026-07-29 08:07, limit=1000.0 ГБ, enable=True
[2026-07-26 18:16:31,734] [INFO] [bot.services.panels.xui] - Обновлён клиент user_Aleksei_Mezentcev_4cf71 через clients API: expiry=2026-07-29 09:51, limit=1000.0 ГБ, enable=True
[2026-07-26 18:16:31,754] [INFO] [bot.services.panels.xui] - Обновлён клиент user_alena_samovolnikova_696a3 через clients API: expiry=2026-08-01 17:16, limit=1000.0 ГБ, enable=True
[2026-07-26 18:16:31,775] [INFO] [bot.services.panels.xui] - Обновлён клиент user_deilja_70301 через clients API: expiry=2026-08-19 21:29, limit=1000.0 ГБ, enable=True
[2026-07-26 18:16:31,794] [INFO] [bot.services.panels.xui] - Обновлён клиент user_1670537525_642a6 через clients API: expiry=2026-07-27 06:15, limit=100.0 ГБ, enable=True
[2026-07-26 18:16:31,794] [INFO] [bot.services.scheduler] - 🔁 materialize_subscription_state завершён: {'created': 0, 'deleted': 0, 'updated': 6, 'enabled': 0, 'disabled': 0, 'reset': 0, 'skipped': 12, 'errors': 0}
[2026-07-26 18:16:40,757] [ERROR] [aiogram.dispatcher] - Failed to fetch updates - TelegramConflictError: Telegram server says - Conflict: terminated by other getUpdates request; make sure that only one bot instance is running
[2026-07-26 18:16:40,757] [WARNING] [aiogram.dispatcher] - Sleep for 4.963842 seconds and try again... (tryings = 334, bot id = 8715181010)
[2026-07-26 18:16:50,955] [ERROR] [aiogram.dispatcher] - Failed to fetch updates - TelegramConflictError: Telegram server says - Conflict: terminated by other getUpdates request; make sure that only one bot instance is running
[2026-07-26 18:16:50,955] [WARNING] [aiogram.dispatcher] - Sleep for 4.952674 seconds and try again... (tryings = 335, bot id = 8715181010)
[2026-07-26 18:17:00,910] [ERROR] [aiogram.dispatcher] - Failed to fetch updates - TelegramConflictError: Telegram server says - Conflict: terminated by other getUpdates request; make sure that only one bot instance is running
[2026-07-26 18:17:00,910] [WARNING] [aiogram.dispatcher] - Sleep for 5.104115 seconds and try again... (tryings = 336, bot id = 8715181010)
[2026-07-26 18:17:11,230] [ERROR] [aiogram.dispatcher] - Failed to fetch updates - TelegramConflictError: Telegram server says - Conflict: terminated by other getUpdates request; make sure that only one bot instance is running
[2026-07-26 18:17:11,231] [WARNING] [aiogram.dispatcher] - Sleep for 4.958144 seconds and try again... (tryings = 337, bot id = 8715181010)
[2026-07-26 18:17:21,069] [ERROR] [aiogram.dispatcher] - Failed to fetch updates - TelegramConflictError: Telegram server says - Conflict: terminated by other getUpdates request; make sure that only one bot instance is running
[2026-07-26 18:17:21,069] [WARNING] [aiogram.dispatcher] - Sleep for 5.093479 seconds and try again... (tryings = 338, bot id = 8715181010)
[2026-07-26 18:17:31,217] [ERROR] [aiogram.dispatcher] - Failed to fetch updates - TelegramConflictError: Telegram server says - Conflict: terminated by other getUpdates request; make sure that only one bot instance is running
[2026-07-26 18:17:31,217] [WARNING] [aiogram.dispatcher] - Sleep for 4.900750 seconds and try again... (tryings = 339, bot id = 8715181010)
[2026-07-26 18:17:41,139] [ERROR] [aiogram.dispatcher] - Failed to fetch updates - TelegramConflictError: Telegram server says - Conflict: terminated by other getUpdates request; make sure that only one bot instance is running
[2026-07-26 18:17:41,140] [WARNING] [aiogram.dispatcher] - Sleep for 5.126241 seconds and try again... (tryings = 340, bot id = 8715181010)
[2026-07-26 18:17:51,296] [ERROR] [aiogram.dispatcher] - Failed to fetch updates - TelegramConflictError: Telegram server says - Conflict: terminated by other getUpdates request; make sure that only one bot instance is running
[2026-07-26 18:17:51,297] [WARNING] [aiogram.dispatcher] - Sleep for 5.207319 seconds and try again... (tryings = 341, bot id = 8715181010)
[2026-07-26 18:18:01,503] [ERROR] [aiogram.dispatcher] - Failed to fetch updates - TelegramConflictError: Telegram server says - Conflict: terminated by other getUpdates request; make sure that only one bot instance is running
[2026-07-26 18:18:01,503] [WARNING] [aiogram.dispatcher] - Sleep for 5.170758 seconds and try again... (tryings = 342, bot id = 8715181010)
[2026-07-26 18:18:11,668] [ERROR] [aiogram.dispatcher] - Failed to fetch updates - TelegramConflictError: Telegram server says - Conflict: terminated by other getUpdates request; make sure that only one bot instance is running
[2026-07-26 18:18:11,668] [WARNING] [aiogram.dispatcher] - Sleep for 4.872701 seconds and try again... (tryings = 343, bot id = 8715181010)
[2026-07-26 18:18:21,695] [ERROR] [aiogram.dispatcher] - Failed to fetch updates - TelegramConflictError: Telegram server says - Conflict: terminated by other getUpdates request; make sure that only one bot instance is running
[2026-07-26 18:18:21,696] [WARNING] [aiogram.dispatcher] - Sleep for 5.135718 seconds and try again... (tryings = 344, bot id = 8715181010)
[2026-07-26 18:18:31,782] [ERROR] [aiogram.dispatcher] - Failed to fetch updates - TelegramConflictError: Telegram server says - Conflict: terminated by other getUpdates request; make sure that only one bot instance is running
[2026-07-26 18:18:31,783] [WARNING] [aiogram.dispatcher] - Sleep for 4.943546 seconds and try again... (tryings = 345, bot id = 8715181010)
[2026-07-26 18:18:41,775] [ERROR] [aiogram.dispatcher] - Failed to fetch updates - TelegramConflictError: Telegram server says - Conflict: terminated by other getUpdates request; make sure that only one bot instance is running
[2026-07-26 18:18:41,776] [WARNING] [aiogram.dispatcher] - Sleep for 5.035986 seconds and try again... (tryings = 346, bot id = 8715181010)
[2026-07-26 18:18:51,948] [ERROR] [aiogram.dispatcher] - Failed to fetch updates - TelegramConflictError: Telegram server says - Conflict: terminated by other getUpdates request; make sure that only one bot instance is running
[2026-07-26 18:18:51,949] [WARNING] [aiogram.dispatcher] - Sleep for 5.098731 seconds and try again... (tryings = 347, bot id = 8715181010)
[2026-07-26 18:19:02,131] [ERROR] [aiogram.dispatcher] - Failed to fetch updates - TelegramConflictError: Telegram server says - Conflict: terminated by other getUpdates request; make sure that only one bot instance is running
[2026-07-26 18:19:02,132] [WARNING] [aiogram.dispatcher] - Sleep for 5.027896 seconds and try again... (tryings = 348, bot id = 8715181010)
[2026-07-26 18:19:12,239] [ERROR] [aiogram.dispatcher] - Failed to fetch updates - TelegramConflictError: Telegram server says - Conflict: terminated by other getUpdates request; make sure that only one bot instance is running
[2026-07-26 18:19:12,239] [WARNING] [aiogram.dispatcher] - Sleep for 5.028613 seconds and try again... (tryings = 349, bot id = 8715181010)
[2026-07-26 18:19:22,422] [ERROR] [aiogram.dispatcher] - Failed to fetch updates - TelegramConflictError: Telegram server says - Conflict: terminated by other getUpdates request; make sure that only one bot instance is running
[2026-07-26 18:19:22,422] [WARNING] [aiogram.dispatcher] - Sleep for 4.949313 seconds and try again... (tryings = 350, bot id = 8715181010)
[2026-07-26 18:19:32,449] [ERROR] [aiogram.dispatcher] - Failed to fetch updates - TelegramConflictError: Telegram server says - Conflict: terminated by other getUpdates request; make sure that only one bot instance is running
[2026-07-26 18:19:32,449] [WARNING] [aiogram.dispatcher] - Sleep for 4.845558 seconds and try again... (tryings = 351, bot id = 8715181010)
[2026-07-26 18:19:42,366] [ERROR] [aiogram.dispatcher] - Failed to fetch updates - TelegramConflictError: Telegram server says - Conflict: terminated by other getUpdates request; make sure that only one bot instance is running
[2026-07-26 18:19:42,366] [WARNING] [aiogram.dispatcher] - Sleep for 4.875495 seconds and try again... (tryings = 352, bot id = 8715181010)
[2026-07-26 18:19:52,378] [ERROR] [aiogram.dispatcher] - Failed to fetch updates - TelegramConflictError: Telegram server says - Conflict: terminated by other getUpdates request; make sure that only one bot instance is running
[2026-07-26 18:19:52,378] [WARNING] [aiogram.dispatcher] - Sleep for 5.029391 seconds and try again... (tryings = 353, bot id = 8715181010)
[2026-07-26 18:20:02,577] [ERROR] [aiogram.dispatcher] - Failed to fetch updates - TelegramConflictError: Telegram server says - Conflict: terminated by other getUpdates request; make sure that only one bot instance is running
[2026-07-26 18:20:02,577] [WARNING] [aiogram.dispatcher] - Sleep for 4.971977 seconds and try again... (tryings = 354, bot id = 8715181010)
[2026-07-26 18:20:12,742] [ERROR] [aiogram.dispatcher] - Failed to fetch updates - TelegramConflictError: Telegram server says - Conflict: terminated by other getUpdates request; make sure that only one bot instance is running
[2026-07-26 18:20:12,742] [WARNING] [aiogram.dispatcher] - Sleep for 5.146824 seconds and try again... (tryings = 355, bot id = 8715181010)
[2026-07-26 18:20:23,051] [ERROR] [aiogram.dispatcher] - Failed to fetch updates - TelegramConflictError: Telegram server says - Conflict: terminated by other getUpdates request; make sure that only one bot instance is running
[2026-07-26 18:20:23,052] [WARNING] [aiogram.dispatcher] - Sleep for 5.038409 seconds and try again... (tryings = 356, bot id = 8715181010)
[2026-07-26 18:20:33,073] [ERROR] [aiogram.dispatcher] - Failed to fetch updates - TelegramConflictError: Telegram server says - Conflict: terminated by other getUpdates request; make sure that only one bot instance is running
[2026-07-26 18:20:33,073] [WARNING] [aiogram.dispatcher] - Sleep for 5.073192 seconds and try again... (tryings = 357, bot id = 8715181010)
[2026-07-26 18:20:43,051] [ERROR] [aiogram.dispatcher] - Failed to fetch updates - TelegramConflictError: Telegram server says - Conflict: terminated by other getUpdates request; make sure that only one bot instance is running
[2026-07-26 18:20:43,051] [WARNING] [aiogram.dispatcher] - Sleep for 5.034084 seconds and try again... (tryings = 358, bot id = 8715181010)
[2026-07-26 18:20:53,251] [ERROR] [aiogram.dispatcher] - Failed to fetch updates - TelegramConflictError: Telegram server says - Conflict: terminated by other getUpdates request; make sure that only one bot instance is running
[2026-07-26 18:20:53,251] [WARNING] [aiogram.dispatcher] - Sleep for 5.001924 seconds and try again... (tryings = 359, bot id = 8715181010)
[2026-07-26 18:21:03,282] [ERROR] [aiogram.dispatcher] - Failed to fetch updates - TelegramConflictError: Telegram server says - Conflict: terminated by other getUpdates request; make sure that only one bot instance is running
[2026-07-26 18:21:03,283] [WARNING] [aiogram.dispatcher] - Sleep for 4.983641 seconds and try again... (tryings = 360, bot id = 8715181010)
[2026-07-26 18:21:13,170] [ERROR] [aiogram.dispatcher] - Failed to fetch updates - TelegramConflictError: Telegram server says - Conflict: terminated by other getUpdates request; make sure that only one bot instance is running
[2026-07-26 18:21:13,171] [WARNING] [aiogram.dispatcher] - Sleep for 5.120648 seconds and try again... (tryings = 361, bot id = 8715181010)
[2026-07-26 18:21:23,422] [ERROR] [aiogram.dispatcher] - Failed to fetch updates - TelegramConflictError: Telegram server says - Conflict: terminated by other getUpdates request; make sure that only one bot instance is running
[2026-07-26 18:21:23,423] [WARNING] [aiogram.dispatcher] - Sleep for 4.909200 seconds and try again... (tryings = 362, bot id = 8715181010)
[2026-07-26 18:21:33,486] [ERROR] [aiogram.dispatcher] - Failed to fetch updates - TelegramConflictError: Telegram server says - Conflict: terminated by other getUpdates request; make sure that only one bot instance is running
[2026-07-26 18:21:33,486] [WARNING] [aiogram.dispatcher] - Sleep for 5.049520 seconds and try again... (tryings = 363, bot id = 8715181010)
[2026-07-26 18:21:43,372] [ERROR] [aiogram.dispatcher] - Failed to fetch updates - TelegramConflictError: Telegram server says - Conflict: terminated by other getUpdates request; make sure that only one bot instance is running
[2026-07-26 18:21:43,372] [WARNING] [aiogram.dispatcher] - Sleep for 5.052017 seconds and try again... (tryings = 364, bot id = 8715181010)
[2026-07-26 18:21:53,313] [ERROR] [aiogram.dispatcher] - Failed to fetch updates - TelegramConflictError: Telegram server says - Conflict: terminated by other getUpdates request; make sure that only one bot instance is running
[2026-07-26 18:21:53,314] [WARNING] [aiogram.dispatcher] - Sleep for 5.032647 seconds and try again... (tryings = 365, bot id = 8715181010)
[2026-07-26 18:22:03,176] [ERROR] [aiogram.dispatcher] - Failed to fetch updates - TelegramConflictError: Telegram server says - Conflict: terminated by other getUpdates request; make sure that only one bot instance is running
[2026-07-26 18:22:03,177] [WARNING] [aiogram.dispatcher] - Sleep for 4.908652 seconds and try again... (tryings = 366, bot id = 8715181010)
[2026-07-26 18:22:13,213] [ERROR] [aiogram.dispatcher] - Failed to fetch updates - TelegramConflictError: Telegram server says - Conflict: terminated by other getUpdates request; make sure that only one bot instance is running
[2026-07-26 18:22:13,214] [WARNING] [aiogram.dispatcher] - Sleep for 4.853866 seconds and try again... (tryings = 367, bot id = 8715181010)
[2026-07-26 18:22:23,261] [ERROR] [aiogram.dispatcher] - Failed to fetch updates - TelegramConflictError: Telegram server says - Conflict: terminated by other getUpdates request; make sure that only one bot instance is running
[2026-07-26 18:22:23,262] [WARNING] [aiogram.dispatcher] - Sleep for 4.980479 seconds and try again... (tryings = 368, bot id = 8715181010)
[2026-07-26 18:22:33,316] [ERROR] [aiogram.dispatcher] - Failed to fetch updates - TelegramConflictError: Telegram server says - Conflict: terminated by other getUpdates request; make sure that only one bot instance is running
[2026-07-26 18:22:33,316] [WARNING] [aiogram.dispatcher] - Sleep for 4.732695 seconds and try again... (tryings = 369, bot id = 8715181010)
[2026-07-26 18:22:43,277] [ERROR] [aiogram.dispatcher] - Failed to fetch updates - TelegramConflictError: Telegram server says - Conflict: terminated by other getUpdates request; make sure that only one bot instance is running
[2026-07-26 18:22:43,277] [WARNING] [aiogram.dispatcher] - Sleep for 5.052250 seconds and try again... (tryings = 370, bot id = 8715181010)
[2026-07-26 18:22:53,453] [ERROR] [aiogram.dispatcher] - Failed to fetch updates - TelegramConflictError: Telegram server says - Conflict: terminated by other getUpdates request; make sure that only one bot instance is running
[2026-07-26 18:22:53,453] [WARNING] [aiogram.dispatcher] - Sleep for 5.012462 seconds and try again... (tryings = 371, bot id = 8715181010)
[2026-07-26 18:23:03,765] [ERROR] [aiogram.dispatcher] - Failed to fetch updates - TelegramConflictError: Telegram server says - Conflict: terminated by other getUpdates request; make sure that only one bot instance is running
[2026-07-26 18:23:03,766] [WARNING] [aiogram.dispatcher] - Sleep for 4.893099 seconds and try again... (tryings = 372, bot id = 8715181010)
[2026-07-26 18:23:13,849] [ERROR] [aiogram.dispatcher] - Failed to fetch updates - TelegramConflictError: Telegram server says - Conflict: terminated by other getUpdates request; make sure that only one bot instance is running
[2026-07-26 18:23:13,850] [WARNING] [aiogram.dispatcher] - Sleep for 5.103043 seconds and try again... (tryings = 373, bot id = 8715181010)
[2026-07-26 18:23:24,133] [ERROR] [aiogram.dispatcher] - Failed to fetch updates - TelegramConflictError: Telegram server says - Conflict: terminated by other getUpdates request; make sure that only one bot instance is running
[2026-07-26 18:23:24,133] [WARNING] [aiogram.dispatcher] - Sleep for 5.194657 seconds and try again... (tryings = 374, bot id = 8715181010)
[2026-07-26 18:23:34,498] [ERROR] [aiogram.dispatcher] - Failed to fetch updates - TelegramConflictError: Telegram server says - Conflict: terminated by other getUpdates request; make sure that only one bot instance is running
[2026-07-26 18:23:34,498] [WARNING] [aiogram.dispatcher] - Sleep for 4.917964 seconds and try again... (tryings = 375, bot id = 8715181010)
[2026-07-26 18:23:44,383] [ERROR] [aiogram.dispatcher] - Failed to fetch updates - TelegramConflictError: Telegram server says - Conflict: terminated by other getUpdates request; make sure that only one bot instance is running
[2026-07-26 18:23:44,383] [WARNING] [aiogram.dispatcher] - Sleep for 4.953381 seconds and try again... (tryings = 376, bot id = 8715181010)
[2026-07-26 18:23:54,299] [ERROR] [aiogram.dispatcher] - Failed to fetch updates - TelegramConflictError: Telegram server says - Conflict: terminated by other getUpdates request; make sure that only one bot instance is running
[2026-07-26 18:23:54,300] [WARNING] [aiogram.dispatcher] - Sleep for 5.038284 seconds and try again... (tryings = 377, bot id = 8715181010)
[2026-07-26 18:24:04,382] [ERROR] [aiogram.dispatcher] - Failed to fetch updates - TelegramConflictError: Telegram server says - Conflict: terminated by other getUpdates request; make sure that only one bot instance is running
[2026-07-26 18:24:04,382] [WARNING] [aiogram.dispatcher] - Sleep for 5.076392 seconds and try again... (tryings = 378, bot id = 8715181010)
[2026-07-26 18:24:14,260] [ERROR] [aiogram.dispatcher] - Failed to fetch updates - TelegramConflictError: Telegram server says - Conflict: terminated by other getUpdates request; make sure that only one bot instance is running
[2026-07-26 18:24:14,260] [WARNING] [aiogram.dispatcher] - Sleep for 4.874102 seconds and try again... (tryings = 379, bot id = 8715181010)
[2026-07-26 18:24:24,204] [ERROR] [aiogram.dispatcher] - Failed to fetch updates - TelegramConflictError: Telegram server says - Conflict: terminated by other getUpdates request; make sure that only one bot instance is running
[2026-07-26 18:24:24,205] [WARNING] [aiogram.dispatcher] - Sleep for 5.057858 seconds and try again... (tryings = 380, bot id = 8715181010)
[2026-07-26 18:24:34,273] [ERROR] [aiogram.dispatcher] - Failed to fetch updates - TelegramConflictError: Telegram server says - Conflict: terminated by other getUpdates request; make sure that only one bot instance is running
[2026-07-26 18:24:34,274] [WARNING] [aiogram.dispatcher] - Sleep for 5.005092 seconds and try again... (tryings = 381, bot id = 8715181010)
[2026-07-26 18:24:44,364] [ERROR] [aiogram.dispatcher] - Failed to fetch updates - TelegramConflictError: Telegram server says - Conflict: terminated by other getUpdates request; make sure that only one bot instance is running
[2026-07-26 18:24:44,364] [WARNING] [aiogram.dispatcher] - Sleep for 5.015664 seconds and try again... (tryings = 382, bot id = 8715181010)
[2026-07-26 18:24:54,414] [ERROR] [aiogram.dispatcher] - Failed to fetch updates - TelegramConflictError: Telegram server says - Conflict: terminated by other getUpdates request; make sure that only one bot instance is running
[2026-07-26 18:24:54,414] [WARNING] [aiogram.dispatcher] - Sleep for 4.878351 seconds and try again... (tryings = 383, bot id = 8715181010)
[2026-07-26 18:25:04,371] [ERROR] [aiogram.dispatcher] - Failed to fetch updates - TelegramConflictError: Telegram server says - Conflict: terminated by other getUpdates request; make sure that only one bot instance is running
[2026-07-26 18:25:04,371] [WARNING] [aiogram.dispatcher] - Sleep for 5.334332 seconds and try again... (tryings = 384, bot id = 8715181010)
[2026-07-26 18:25:14,867] [ERROR] [aiogram.dispatcher] - Failed to fetch updates - TelegramConflictError: Telegram server says - Conflict: terminated by other getUpdates request; make sure that only one bot instance is running
[2026-07-26 18:25:14,868] [WARNING] [aiogram.dispatcher] - Sleep for 4.971069 seconds and try again... (tryings = 385, bot id = 8715181010)
[2026-07-26 18:25:24,882] [ERROR] [aiogram.dispatcher] - Failed to fetch updates - TelegramConflictError: Telegram server says - Conflict: terminated by other getUpdates request; make sure that only one bot instance is running
[2026-07-26 18:25:24,882] [WARNING] [aiogram.dispatcher] - Sleep for 4.964357 seconds and try again... (tryings = 386, bot id = 8715181010)
[2026-07-26 18:25:34,897] [ERROR] [aiogram.dispatcher] - Failed to fetch updates - TelegramConflictError: Telegram server says - Conflict: terminated by other getUpdates request; make sure that only one bot instance is running
[2026-07-26 18:25:34,897] [WARNING] [aiogram.dispatcher] - Sleep for 4.856404 seconds and try again... (tryings = 387, bot id = 8715181010)
[2026-07-26 18:25:44,981] [ERROR] [aiogram.dispatcher] - Failed to fetch updates - TelegramConflictError: Telegram server says - Conflict: terminated by other getUpdates request; make sure that only one bot instance is running
[2026-07-26 18:25:44,981] [WARNING] [aiogram.dispatcher] - Sleep for 4.931948 seconds and try again... (tryings = 388, bot id = 8715181010)
[2026-07-26 18:25:54,981] [ERROR] [aiogram.dispatcher] - Failed to fetch updates - TelegramConflictError: Telegram server says - Conflict: terminated by other getUpdates request; make sure that only one bot instance is running
[2026-07-26 18:25:54,981] [WARNING] [aiogram.dispatcher] - Sleep for 4.971722 seconds and try again... (tryings = 389, bot id = 8715181010)
[2026-07-26 18:26:04,862] [ERROR] [aiogram.dispatcher] - Failed to fetch updates - TelegramConflictError: Telegram server says - Conflict: terminated by other getUpdates request; make sure that only one bot instance is running
[2026-07-26 18:26:04,862] [WARNING] [aiogram.dispatcher] - Sleep for 5.052698 seconds and try again... (tryings = 390, bot id = 8715181010)
[2026-07-26 18:26:14,959] [ERROR] [aiogram.dispatcher] - Failed to fetch updates - TelegramConflictError: Telegram server says - Conflict: terminated by other getUpdates request; make sure that only one bot instance is running
[2026-07-26 18:26:14,959] [WARNING] [aiogram.dispatcher] - Sleep for 4.941656 seconds and try again... (tryings = 391, bot id = 8715181010)
[2026-07-26 18:26:24,987] [ERROR] [aiogram.dispatcher] - Failed to fetch updates - TelegramConflictError: Telegram server says - Conflict: terminated by other getUpdates request; make sure that only one bot instance is running
[2026-07-26 18:26:24,988] [WARNING] [aiogram.dispatcher] - Sleep for 4.968611 seconds and try again... (tryings = 392, bot id = 8715181010)
[2026-07-26 18:26:35,084] [ERROR] [aiogram.dispatcher] - Failed to fetch updates - TelegramConflictError: Telegram server says - Conflict: terminated by other getUpdates request; make sure that only one bot instance is running
[2026-07-26 18:26:35,085] [WARNING] [aiogram.dispatcher] - Sleep for 4.977056 seconds and try again... (tryings = 393, bot id = 8715181010)
[2026-07-26 18:26:45,008] [ERROR] [aiogram.dispatcher] - Failed to fetch updates - TelegramConflictError: Telegram server says - Conflict: terminated by other getUpdates request; make sure that only one bot instance is running
[2026-07-26 18:26:45,008] [WARNING] [aiogram.dispatcher] - Sleep for 4.891224 seconds and try again... (tryings = 394, bot id = 8715181010)
[2026-07-26 18:26:54,902] [ERROR] [aiogram.dispatcher] - Failed to fetch updates - TelegramConflictError: Telegram server says - Conflict: terminated by other getUpdates request; make sure that only one bot instance is running
[2026-07-26 18:26:54,902] [WARNING] [aiogram.dispatcher] - Sleep for 4.956944 seconds and try again... (tryings = 395, bot id = 8715181010)
[2026-07-26 18:27:05,112] [ERROR] [aiogram.dispatcher] - Failed to fetch updates - TelegramConflictError: Telegram server says - Conflict: terminated by other getUpdates request; make sure that only one bot instance is running
[2026-07-26 18:27:05,112] [WARNING] [aiogram.dispatcher] - Sleep for 4.857243 seconds and try again... (tryings = 396, bot id = 8715181010)
[2026-07-26 18:27:15,091] [ERROR] [aiogram.dispatcher] - Failed to fetch updates - TelegramConflictError: Telegram server says - Conflict: terminated by other getUpdates request; make sure that only one bot instance is running
[2026-07-26 18:27:15,091] [WARNING] [aiogram.dispatcher] - Sleep for 5.055834 seconds and try again... (tryings = 397, bot id = 8715181010)
[2026-07-26 18:27:25,222] [ERROR] [aiogram.dispatcher] - Failed to fetch updates - TelegramConflictError: Telegram server says - Conflict: terminated by other getUpdates request; make sure that only one bot instance is running
[2026-07-26 18:27:25,222] [WARNING] [aiogram.dispatcher] - Sleep for 5.223067 seconds and try again... (tryings = 398, bot id = 8715181010)
[2026-07-26 18:27:35,485] [ERROR] [aiogram.dispatcher] - Failed to fetch updates - TelegramConflictError: Telegram server says - Conflict: terminated by other getUpdates request; make sure that only one bot instance is running
[2026-07-26 18:27:35,485] [WARNING] [aiogram.dispatcher] - Sleep for 4.917661 seconds and try again... (tryings = 399, bot id = 8715181010)
[2026-07-26 18:27:45,350] [ERROR] [aiogram.dispatcher] - Failed to fetch updates - TelegramConflictError: Telegram server says - Conflict: terminated by other getUpdates request; make sure that only one bot instance is running
[2026-07-26 18:27:45,351] [WARNING] [aiogram.dispatcher] - Sleep for 5.140087 seconds and try again... (tryings = 400, bot id = 8715181010)
[2026-07-26 18:27:55,786] [ERROR] [aiogram.dispatcher] - Failed to fetch updates - TelegramConflictError: Telegram server says - Conflict: terminated by other getUpdates request; make sure that only one bot instance is running
[2026-07-26 18:27:55,787] [WARNING] [aiogram.dispatcher] - Sleep for 5.030104 seconds and try again... (tryings = 401, bot id = 8715181010)
[2026-07-26 18:28:05,954] [ERROR] [aiogram.dispatcher] - Failed to fetch updates - TelegramConflictError: Telegram server says - Conflict: terminated by other getUpdates request; make sure that only one bot instance is running
[2026-07-26 18:28:05,954] [WARNING] [aiogram.dispatcher] - Sleep for 5.135837 seconds and try again... (tryings = 402, bot id = 8715181010)
[2026-07-26 18:28:16,091] [ERROR] [aiogram.dispatcher] - Failed to fetch updates - TelegramConflictError: Telegram server says - Conflict: terminated by other getUpdates request; make sure that only one bot instance is running
[2026-07-26 18:28:16,091] [WARNING] [aiogram.dispatcher] - Sleep for 4.870696 seconds and try again... (tryings = 403, bot id = 8715181010)
[2026-07-26 18:28:26,028] [ERROR] [aiogram.dispatcher] - Failed to fetch updates - TelegramConflictError: Telegram server says - Conflict: terminated by other getUpdates request; make sure that only one bot instance is running
[2026-07-26 18:28:26,028] [WARNING] [aiogram.dispatcher] - Sleep for 5.047910 seconds and try again... (tryings = 404, bot id = 8715181010)
[2026-07-26 18:28:36,220] [ERROR] [aiogram.dispatcher] - Failed to fetch updates - TelegramConflictError: Telegram server says - Conflict: terminated by other getUpdates request; make sure that only one bot instance is running
[2026-07-26 18:28:36,221] [WARNING] [aiogram.dispatcher] - Sleep for 4.891706 seconds and try again... (tryings = 405, bot id = 8715181010)
[2026-07-26 18:28:46,308] [ERROR] [aiogram.dispatcher] - Failed to fetch updates - TelegramConflictError: Telegram server says - Conflict: terminated by other getUpdates request; make sure that only one bot instance is running
[2026-07-26 18:28:46,309] [WARNING] [aiogram.dispatcher] - Sleep for 4.863398 seconds and try again... (tryings = 406, bot id = 8715181010)
[2026-07-26 18:28:56,363] [ERROR] [aiogram.dispatcher] - Failed to fetch updates - TelegramConflictError: Telegram server says - Conflict: terminated by other getUpdates request; make sure that only one bot instance is running
[2026-07-26 18:28:56,363] [WARNING] [aiogram.dispatcher] - Sleep for 5.183754 seconds and try again... (tryings = 407, bot id = 8715181010)
[2026-07-26 18:29:06,579] [ERROR] [aiogram.dispatcher] - Failed to fetch updates - TelegramConflictError: Telegram server says - Conflict: terminated by other getUpdates request; make sure that only one bot instance is running
[2026-07-26 18:29:06,579] [WARNING] [aiogram.dispatcher] - Sleep for 5.131846 seconds and try again... (tryings = 408, bot id = 8715181010)
[2026-07-26 18:29:16,538] [ERROR] [aiogram.dispatcher] - Failed to fetch updates - TelegramConflictError: Telegram server says - Conflict: terminated by other getUpdates request; make sure that only one bot instance is running
[2026-07-26 18:29:16,539] [WARNING] [aiogram.dispatcher] - Sleep for 5.191873 seconds and try again... (tryings = 409, bot id = 8715181010)
[2026-07-26 18:29:26,632] [ERROR] [aiogram.dispatcher] - Failed to fetch updates - TelegramConflictError: Telegram server says - Conflict: terminated by other getUpdates request; make sure that only one bot instance is running
[2026-07-26 18:29:26,632] [WARNING] [aiogram.dispatcher] - Sleep for 4.779242 seconds and try again... (tryings = 410, bot id = 8715181010)
[2026-07-26 18:29:36,545] [ERROR] [aiogram.dispatcher] - Failed to fetch updates - TelegramConflictError: Telegram server says - Conflict: terminated by other getUpdates request; make sure that only one bot instance is running
[2026-07-26 18:29:36,545] [WARNING] [aiogram.dispatcher] - Sleep for 4.951761 seconds and try again... (tryings = 411, bot id = 8715181010)
[2026-07-26 18:29:46,597] [ERROR] [aiogram.dispatcher] - Failed to fetch updates - TelegramConflictError: Telegram server says - Conflict: terminated by other getUpdates request; make sure that only one bot instance is running
[2026-07-26 18:29:46,597] [WARNING] [aiogram.dispatcher] - Sleep for 5.097530 seconds and try again... (tryings = 412, bot id = 8715181010)
[2026-07-26 18:29:56,793] [ERROR] [aiogram.dispatcher] - Failed to fetch updates - TelegramConflictError: Telegram server says - Conflict: terminated by other getUpdates request; make sure that only one bot instance is running
[2026-07-26 18:29:56,793] [WARNING] [aiogram.dispatcher] - Sleep for 5.079006 seconds and try again... (tryings = 413, bot id = 8715181010)
[2026-07-26 18:30:06,957] [ERROR] [aiogram.dispatcher] - Failed to fetch updates - TelegramConflictError: Telegram server says - Conflict: terminated by other getUpdates request; make sure that only one bot instance is running
[2026-07-26 18:30:06,957] [WARNING] [aiogram.dispatcher] - Sleep for 4.962378 seconds and try again... (tryings = 414, bot id = 8715181010)
[2026-07-26 18:30:16,985] [ERROR] [aiogram.dispatcher] - Failed to fetch updates - TelegramConflictError: Telegram server says - Conflict: terminated by other getUpdates request; make sure that only one bot instance is running
[2026-07-26 18:30:16,985] [WARNING] [aiogram.dispatcher] - Sleep for 4.953039 seconds and try again... (tryings = 415, bot id = 8715181010)
[2026-07-26 18:30:26,869] [ERROR] [aiogram.dispatcher] - Failed to fetch updates - TelegramConflictError: Telegram server says - Conflict: terminated by other getUpdates request; make sure that only one bot instance is running
[2026-07-26 18:30:26,870] [WARNING] [aiogram.dispatcher] - Sleep for 4.895251 seconds and try again... (tryings = 416, bot id = 8715181010)
[2026-07-26 18:30:36,944] [ERROR] [aiogram.dispatcher] - Failed to fetch updates - TelegramConflictError: Telegram server says - Conflict: terminated by other getUpdates request; make sure that only one bot instance is running
[2026-07-26 18:30:36,945] [WARNING] [aiogram.dispatcher] - Sleep for 5.222977 seconds and try again... (tryings = 417, bot id = 8715181010)
[2026-07-26 18:30:47,434] [ERROR] [aiogram.dispatcher] - Failed to fetch updates - TelegramConflictError: Telegram server says - Conflict: terminated by other getUpdates request; make sure that only one bot instance is running
[2026-07-26 18:30:47,435] [WARNING] [aiogram.dispatcher] - Sleep for 5.076873 seconds and try again... (tryings = 418, bot id = 8715181010)
[2026-07-26 18:30:57,607] [ERROR] [aiogram.dispatcher] - Failed to fetch updates - TelegramConflictError: Telegram server says - Conflict: terminated by other getUpdates request; make sure that only one bot instance is running
[2026-07-26 18:30:57,607] [WARNING] [aiogram.dispatcher] - Sleep for 4.974845 seconds and try again... (tryings = 419, bot id = 8715181010)
[2026-07-26 18:31:07,692] [ERROR] [aiogram.dispatcher] - Failed to fetch updates - TelegramConflictError: Telegram server says - Conflict: terminated by other getUpdates request; make sure that only one bot instance is running
[2026-07-26 18:31:07,693] [WARNING] [aiogram.dispatcher] - Sleep for 5.186601 seconds and try again... (tryings = 420, bot id = 8715181010)
[2026-07-26 18:31:17,954] [ERROR] [aiogram.dispatcher] - Failed to fetch updates - TelegramConflictError: Telegram server says - Conflict: terminated by other getUpdates request; make sure that only one bot instance is running
[2026-07-26 18:31:17,955] [WARNING] [aiogram.dispatcher] - Sleep for 4.983150 seconds and try again... (tryings = 421, bot id = 8715181010)
[2026-07-26 18:31:28,014] [ERROR] [aiogram.dispatcher] - Failed to fetch updates - TelegramConflictError: Telegram server says - Conflict: terminated by other getUpdates request; make sure that only one bot instance is running
[2026-07-26 18:31:28,015] [WARNING] [aiogram.dispatcher] - Sleep for 4.920317 seconds and try again... (tryings = 422, bot id = 8715181010)
[2026-07-26 18:31:37,978] [ERROR] [aiogram.dispatcher] - Failed to fetch updates - TelegramConflictError: Telegram server says - Conflict: terminated by other getUpdates request; make sure that only one bot instance is running
[2026-07-26 18:31:37,979] [WARNING] [aiogram.dispatcher] - Sleep for 4.952172 seconds and try again... (tryings = 423, bot id = 8715181010)
[2026-07-26 18:31:48,075] [ERROR] [aiogram.dispatcher] - Failed to fetch updates - TelegramConflictError: Telegram server says - Conflict: terminated by other getUpdates request; make sure that only one bot instance is running
[2026-07-26 18:31:48,075] [WARNING] [aiogram.dispatcher] - Sleep for 5.056012 seconds and try again... (tryings = 424, bot id = 8715181010)
[2026-07-26 18:31:58,200] [ERROR] [aiogram.dispatcher] - Failed to fetch updates - TelegramConflictError: Telegram server says - Conflict: terminated by other getUpdates request; make sure that only one bot instance is running
[2026-07-26 18:31:58,200] [WARNING] [aiogram.dispatcher] - Sleep for 4.915097 seconds and try again... (tryings = 425, bot id = 8715181010)
[2026-07-26 18:32:08,308] [ERROR] [aiogram.dispatcher] - Failed to fetch updates - TelegramConflictError: Telegram server says - Conflict: terminated by other getUpdates request; make sure that only one bot instance is running
[2026-07-26 18:32:08,308] [WARNING] [aiogram.dispatcher] - Sleep for 5.096963 seconds and try again... (tryings = 426, bot id = 8715181010)
[2026-07-26 18:32:18,421] [ERROR] [aiogram.dispatcher] - Failed to fetch updates - TelegramConflictError: Telegram server says - Conflict: terminated by other getUpdates request; make sure that only one bot instance is running
[2026-07-26 18:32:18,421] [WARNING] [aiogram.dispatcher] - Sleep for 5.119453 seconds and try again... (tryings = 427, bot id = 8715181010)
[2026-07-26 18:32:28,561] [ERROR] [aiogram.dispatcher] - Failed to fetch updates - TelegramConflictError: Telegram server says - Conflict: terminated by other getUpdates request; make sure that only one bot instance is running
[2026-07-26 18:32:28,561] [WARNING] [aiogram.dispatcher] - Sleep for 5.093472 seconds and try again... (tryings = 428, bot id = 8715181010)
[2026-07-26 18:32:38,740] [ERROR] [aiogram.dispatcher] - Failed to fetch updates - TelegramConflictError: Telegram server says - Conflict: terminated by other getUpdates request; make sure that only one bot instance is running
[2026-07-26 18:32:38,741] [WARNING] [aiogram.dispatcher] - Sleep for 5.062077 seconds and try again... (tryings = 429, bot id = 8715181010)
[2026-07-26 18:32:48,911] [ERROR] [aiogram.dispatcher] - Failed to fetch updates - TelegramConflictError: Telegram server says - Conflict: terminated by other getUpdates request; make sure that only one bot instance is running
[2026-07-26 18:32:48,911] [WARNING] [aiogram.dispatcher] - Sleep for 4.942443 seconds and try again... (tryings = 430, bot id = 8715181010)
[2026-07-26 18:32:58,882] [ERROR] [aiogram.dispatcher] - Failed to fetch updates - TelegramConflictError: Telegram server says - Conflict: terminated by other getUpdates request; make sure that only one bot instance is running
[2026-07-26 18:32:58,883] [WARNING] [aiogram.dispatcher] - Sleep for 5.085118 seconds and try again... (tryings = 431, bot id = 8715181010)
[2026-07-26 18:33:09,205] [ERROR] [aiogram.dispatcher] - Failed to fetch updates - TelegramConflictError: Telegram server says - Conflict: terminated by other getUpdates request; make sure that only one bot instance is running
[2026-07-26 18:33:09,206] [WARNING] [aiogram.dispatcher] - Sleep for 5.169659 seconds and try again... (tryings = 432, bot id = 8715181010)
[2026-07-26 18:33:19,491] [ERROR] [aiogram.dispatcher] - Failed to fetch updates - TelegramConflictError: Telegram server says - Conflict: terminated by other getUpdates request; make sure that only one bot instance is running
[2026-07-26 18:33:19,491] [WARNING] [aiogram.dispatcher] - Sleep for 5.061345 seconds and try again... (tryings = 433, bot id = 8715181010)
[2026-07-26 18:33:29,647] [ERROR] [aiogram.dispatcher] - Failed to fetch updates - TelegramConflictError: Telegram server says - Conflict: terminated by other getUpdates request; make sure that only one bot instance is running
[2026-07-26 18:33:29,647] [WARNING] [aiogram.dispatcher] - Sleep for 4.924997 seconds and try again... (tryings = 434, bot id = 8715181010)
[2026-07-26 18:33:39,631] [ERROR] [aiogram.dispatcher] - Failed to fetch updates - TelegramConflictError: Telegram server says - Conflict: terminated by other getUpdates request; make sure that only one bot instance is running
[2026-07-26 18:33:39,631] [WARNING] [aiogram.dispatcher] - Sleep for 4.961991 seconds and try again... (tryings = 435, bot id = 8715181010)
[2026-07-26 18:33:49,540] [ERROR] [aiogram.dispatcher] - Failed to fetch updates - TelegramConflictError: Telegram server says - Conflict: terminated by other getUpdates request; make sure that only one bot instance is running
[2026-07-26 18:33:49,540] [WARNING] [aiogram.dispatcher] - Sleep for 5.162645 seconds and try again... (tryings = 436, bot id = 8715181010)
[2026-07-26 18:33:59,653] [ERROR] [aiogram.dispatcher] - Failed to fetch updates - TelegramConflictError: Telegram server says - Conflict: terminated by other getUpdates request; make sure that only one bot instance is running
[2026-07-26 18:33:59,653] [WARNING] [aiogram.dispatcher] - Sleep for 5.164657 seconds and try again... (tryings = 437, bot id = 8715181010)
[2026-07-26 18:34:10,018] [ERROR] [aiogram.dispatcher] - Failed to fetch updates - TelegramConflictError: Telegram server says - Conflict: terminated by other getUpdates request; make sure that only one bot instance is running
[2026-07-26 18:34:10,018] [WARNING] [aiogram.dispatcher] - Sleep for 4.889483 seconds and try again... (tryings = 438, bot id = 8715181010)
[2026-07-26 18:34:19,952] [ERROR] [aiogram.dispatcher] - Failed to fetch updates - TelegramConflictError: Telegram server says - Conflict: terminated by other getUpdates request; make sure that only one bot instance is running
[2026-07-26 18:34:19,952] [WARNING] [aiogram.dispatcher] - Sleep for 5.021717 seconds and try again... (tryings = 439, bot id = 8715181010)
[2026-07-26 18:34:30,100] [ERROR] [aiogram.dispatcher] - Failed to fetch updates - TelegramConflictError: Telegram server says - Conflict: terminated by other getUpdates request; make sure that only one bot instance is running
[2026-07-26 18:34:30,100] [WARNING] [aiogram.dispatcher] - Sleep for 5.045012 seconds and try again... (tryings = 440, bot id = 8715181010)
[2026-07-26 18:34:40,101] [ERROR] [aiogram.dispatcher] - Failed to fetch updates - TelegramConflictError: Telegram server says - Conflict: terminated by other getUpdates request; make sure that only one bot instance is running
[2026-07-26 18:34:40,101] [WARNING] [aiogram.dispatcher] - Sleep for 4.980404 seconds and try again... (tryings = 441, bot id = 8715181010)
[2026-07-26 18:34:49,779] [ERROR] [aiogram.dispatcher] - Failed to fetch updates - TelegramConflictError: Telegram server says - Conflict: terminated by other getUpdates request; make sure that only one bot instance is running
[2026-07-26 18:34:49,779] [WARNING] [aiogram.dispatcher] - Sleep for 4.926231 seconds and try again... (tryings = 442, bot id = 8715181010)
[2026-07-26 18:34:59,739] [ERROR] [aiogram.dispatcher] - Failed to fetch updates - TelegramConflictError: Telegram server says - Conflict: terminated by other getUpdates request; make sure that only one bot instance is running
[2026-07-26 18:34:59,740] [WARNING] [aiogram.dispatcher] - Sleep for 5.007983 seconds and try again... (tryings = 443, bot id = 8715181010)
[2026-07-26 18:35:09,957] [ERROR] [aiogram.dispatcher] - Failed to fetch updates - TelegramConflictError: Telegram server says - Conflict: terminated by other getUpdates request; make sure that only one bot instance is running
[2026-07-26 18:35:09,957] [WARNING] [aiogram.dispatcher] - Sleep for 4.877947 seconds and try again... (tryings = 444, bot id = 8715181010)
[2026-07-26 18:35:19,773] [ERROR] [aiogram.dispatcher] - Failed to fetch updates - TelegramConflictError: Telegram server says - Conflict: terminated by other getUpdates request; make sure that only one bot instance is running
[2026-07-26 18:35:19,774] [WARNING] [aiogram.dispatcher] - Sleep for 5.199722 seconds and try again... (tryings = 445, bot id = 8715181010)
[2026-07-26 18:35:30,126] [ERROR] [aiogram.dispatcher] - Failed to fetch updates - TelegramConflictError: Telegram server says - Conflict: terminated by other getUpdates request; make sure that only one bot instance is running
[2026-07-26 18:35:30,126] [WARNING] [aiogram.dispatcher] - Sleep for 4.995988 seconds and try again... (tryings = 446, bot id = 8715181010)
[2026-07-26 18:35:40,078] [ERROR] [aiogram.dispatcher] - Failed to fetch updates - TelegramConflictError: Telegram server says - Conflict: terminated by other getUpdates request; make sure that only one bot instance is running
[2026-07-26 18:35:40,079] [WARNING] [aiogram.dispatcher] - Sleep for 4.958613 seconds and try again... (tryings = 447, bot id = 8715181010)
[2026-07-26 18:35:50,315] [ERROR] [aiogram.dispatcher] - Failed to fetch updates - TelegramConflictError: Telegram server says - Conflict: terminated by other getUpdates request; make sure that only one bot instance is running
[2026-07-26 18:35:50,316] [WARNING] [aiogram.dispatcher] - Sleep for 5.115916 seconds and try again... (tryings = 448, bot id = 8715181010)
[2026-07-26 18:36:00,551] [ERROR] [aiogram.dispatcher] - Failed to fetch updates - TelegramConflictError: Telegram server says - Conflict: terminated by other getUpdates request; make sure that only one bot instance is running
[2026-07-26 18:36:00,551] [WARNING] [aiogram.dispatcher] - Sleep for 4.966839 seconds and try again... (tryings = 449, bot id = 8715181010)
[2026-07-26 18:36:10,495] [ERROR] [aiogram.dispatcher] - Failed to fetch updates - TelegramConflictError: Telegram server says - Conflict: terminated by other getUpdates request; make sure that only one bot instance is running
[2026-07-26 18:36:10,495] [WARNING] [aiogram.dispatcher] - Sleep for 4.925976 seconds and try again... (tryings = 450, bot id = 8715181010)
[2026-07-26 18:36:20,485] [ERROR] [aiogram.dispatcher] - Failed to fetch updates - TelegramConflictError: Telegram server says - Conflict: terminated by other getUpdates request; make sure that only one bot instance is running
[2026-07-26 18:36:20,485] [WARNING] [aiogram.dispatcher] - Sleep for 5.066720 seconds and try again... (tryings = 451, bot id = 8715181010)
[2026-07-26 18:36:30,559] [ERROR] [aiogram.dispatcher] - Failed to fetch updates - TelegramConflictError: Telegram server says - Conflict: terminated by other getUpdates request; make sure that only one bot instance is running
[2026-07-26 18:36:30,560] [WARNING] [aiogram.dispatcher] - Sleep for 4.921868 seconds and try again... (tryings = 452, bot id = 8715181010)
[2026-07-26 18:36:40,561] [ERROR] [aiogram.dispatcher] - Failed to fetch updates - TelegramConflictError: Telegram server says - Conflict: terminated by other getUpdates request; make sure that only one bot instance is running
[2026-07-26 18:36:40,562] [WARNING] [aiogram.dispatcher] - Sleep for 5.027306 seconds and try again... (tryings = 453, bot id = 8715181010)
[2026-07-26 18:36:50,603] [ERROR] [aiogram.dispatcher] - Failed to fetch updates - TelegramConflictError: Telegram server says - Conflict: terminated by other getUpdates request; make sure that only one bot instance is running
[2026-07-26 18:36:50,603] [WARNING] [aiogram.dispatcher] - Sleep for 5.162462 seconds and try again... (tryings = 454, bot id = 8715181010)
[2026-07-26 18:37:00,956] [ERROR] [aiogram.dispatcher] - Failed to fetch updates - TelegramConflictError: Telegram server says - Conflict: terminated by other getUpdates request; make sure that only one bot instance is running
[2026-07-26 18:37:00,956] [WARNING] [aiogram.dispatcher] - Sleep for 4.878598 seconds and try again... (tryings = 455, bot id = 8715181010)
[2026-07-26 18:37:11,061] [ERROR] [aiogram.dispatcher] - Failed to fetch updates - TelegramConflictError: Telegram server says - Conflict: terminated by other getUpdates request; make sure that only one bot instance is running
[2026-07-26 18:37:11,061] [WARNING] [aiogram.dispatcher] - Sleep for 5.001725 seconds and try again... (tryings = 456, bot id = 8715181010)
[2026-07-26 18:37:21,117] [ERROR] [aiogram.dispatcher] - Failed to fetch updates - TelegramConflictError: Telegram server says - Conflict: terminated by other getUpdates request; make sure that only one bot instance is running
[2026-07-26 18:37:21,118] [WARNING] [aiogram.dispatcher] - Sleep for 4.938011 seconds and try again... (tryings = 457, bot id = 8715181010)
[2026-07-26 18:37:30,944] [ERROR] [aiogram.dispatcher] - Failed to fetch updates - TelegramConflictError: Telegram server says - Conflict: terminated by other getUpdates request; make sure that only one bot instance is running
[2026-07-26 18:37:30,945] [WARNING] [aiogram.dispatcher] - Sleep for 4.952623 seconds and try again... (tryings = 458, bot id = 8715181010)
[2026-07-26 18:37:40,852] [ERROR] [aiogram.dispatcher] - Failed to fetch updates - TelegramConflictError: Telegram server says - Conflict: terminated by other getUpdates request; make sure that only one bot instance is running
[2026-07-26 18:37:40,853] [WARNING] [aiogram.dispatcher] - Sleep for 4.801946 seconds and try again... (tryings = 459, bot id = 8715181010)
[2026-07-26 18:37:50,815] [ERROR] [aiogram.dispatcher] - Failed to fetch updates - TelegramConflictError: Telegram server says - Conflict: terminated by other getUpdates request; make sure that only one bot instance is running
[2026-07-26 18:37:50,816] [WARNING] [aiogram.dispatcher] - Sleep for 4.975397 seconds and try again... (tryings = 460, bot id = 8715181010)
[2026-07-26 18:38:00,941] [ERROR] [aiogram.dispatcher] - Failed to fetch updates - TelegramConflictError: Telegram server says - Conflict: terminated by other getUpdates request; make sure that only one bot instance is running
[2026-07-26 18:38:00,941] [WARNING] [aiogram.dispatcher] - Sleep for 4.931738 seconds and try again... (tryings = 461, bot id = 8715181010)
[2026-07-26 18:38:10,927] [ERROR] [aiogram.dispatcher] - Failed to fetch updates - TelegramConflictError: Telegram server says - Conflict: terminated by other getUpdates request; make sure that only one bot instance is running
[2026-07-26 18:38:10,927] [WARNING] [aiogram.dispatcher] - Sleep for 5.017112 seconds and try again... (tryings = 462, bot id = 8715181010)
[2026-07-26 18:38:20,879] [ERROR] [aiogram.dispatcher] - Failed to fetch updates - TelegramConflictError: Telegram server says - Conflict: terminated by other getUpdates request; make sure that only one bot instance is running
[2026-07-26 18:38:20,880] [WARNING] [aiogram.dispatcher] - Sleep for 4.923204 seconds and try again... (tryings = 463, bot id = 8715181010)
[2026-07-26 18:38:30,975] [ERROR] [aiogram.dispatcher] - Failed to fetch updates - TelegramConflictError: Telegram server says - Conflict: terminated by other getUpdates request; make sure that only one bot instance is running
[2026-07-26 18:38:30,976] [WARNING] [aiogram.dispatcher] - Sleep for 4.931836 seconds and try again... (tryings = 464, bot id = 8715181010)
[2026-07-26 18:38:41,020] [ERROR] [aiogram.dispatcher] - Failed to fetch updates - TelegramConflictError: Telegram server says - Conflict: terminated by other getUpdates request; make sure that only one bot instance is running
[2026-07-26 18:38:41,021] [WARNING] [aiogram.dispatcher] - Sleep for 5.051421 seconds and try again... (tryings = 465, bot id = 8715181010)
[2026-07-26 18:38:50,964] [ERROR] [aiogram.dispatcher] - Failed to fetch updates - TelegramConflictError: Telegram server says - Conflict: terminated by other getUpdates request; make sure that only one bot instance is running
[2026-07-26 18:38:50,964] [WARNING] [aiogram.dispatcher] - Sleep for 4.906821 seconds and try again... (tryings = 466, bot id = 8715181010)
[2026-07-26 18:39:01,040] [ERROR] [aiogram.dispatcher] - Failed to fetch updates - TelegramConflictError: Telegram server says - Conflict: terminated by other getUpdates request; make sure that only one bot instance is running
[2026-07-26 18:39:01,040] [WARNING] [aiogram.dispatcher] - Sleep for 4.905422 seconds and try again... (tryings = 467, bot id = 8715181010)
[2026-07-26 18:39:11,088] [ERROR] [aiogram.dispatcher] - Failed to fetch updates - TelegramConflictError: Telegram server says - Conflict: terminated by other getUpdates request; make sure that only one bot instance is running
[2026-07-26 18:39:11,089] [WARNING] [aiogram.dispatcher] - Sleep for 4.792604 seconds and try again... (tryings = 468, bot id = 8715181010)
[2026-07-26 18:39:21,017] [ERROR] [aiogram.dispatcher] - Failed to fetch updates - TelegramConflictError: Telegram server says - Conflict: terminated by other getUpdates request; make sure that only one bot instance is running
[2026-07-26 18:39:21,018] [WARNING] [aiogram.dispatcher] - Sleep for 4.885407 seconds and try again... (tryings = 469, bot id = 8715181010)
[2026-07-26 18:39:30,874] [ERROR] [aiogram.dispatcher] - Failed to fetch updates - TelegramConflictError: Telegram server says - Conflict: terminated by other getUpdates request; make sure that only one bot instance is running
[2026-07-26 18:39:30,874] [WARNING] [aiogram.dispatcher] - Sleep for 5.018553 seconds and try again... (tryings = 470, bot id = 8715181010)
[2026-07-26 18:39:41,016] [ERROR] [aiogram.dispatcher] - Failed to fetch updates - TelegramConflictError: Telegram server says - Conflict: terminated by other getUpdates request; make sure that only one bot instance is running
[2026-07-26 18:39:41,017] [WARNING] [aiogram.dispatcher] - Sleep for 5.155957 seconds and try again... (tryings = 471, bot id = 8715181010)
[2026-07-26 18:39:51,065] [ERROR] [aiogram.dispatcher] - Failed to fetch updates - TelegramConflictError: Telegram server says - Conflict: terminated by other getUpdates request; make sure that only one bot instance is running
[2026-07-26 18:39:51,065] [WARNING] [aiogram.dispatcher] - Sleep for 5.106934 seconds and try again... (tryings = 472, bot id = 8715181010)
[2026-07-26 18:40:01,306] [ERROR] [aiogram.dispatcher] - Failed to fetch updates - TelegramConflictError: Telegram server says - Conflict: terminated by other getUpdates request; make sure that only one bot instance is running
[2026-07-26 18:40:01,306] [WARNING] [aiogram.dispatcher] - Sleep for 5.049791 seconds and try again... (tryings = 473, bot id = 8715181010)
[2026-07-26 18:40:11,228] [ERROR] [aiogram.dispatcher] - Failed to fetch updates - TelegramConflictError: Telegram server says - Conflict: terminated by other getUpdates request; make sure that only one bot instance is running
[2026-07-26 18:40:11,228] [WARNING] [aiogram.dispatcher] - Sleep for 5.023705 seconds and try again... (tryings = 474, bot id = 8715181010)
[2026-07-26 18:40:21,314] [ERROR] [aiogram.dispatcher] - Failed to fetch updates - TelegramConflictError: Telegram server says - Conflict: terminated by other getUpdates request; make sure that only one bot instance is running
[2026-07-26 18:40:21,314] [WARNING] [aiogram.dispatcher] - Sleep for 4.934915 seconds and try again... (tryings = 475, bot id = 8715181010)
[2026-07-26 18:40:31,320] [ERROR] [aiogram.dispatcher] - Failed to fetch updates - TelegramConflictError: Telegram server says - Conflict: terminated by other getUpdates request; make sure that only one bot instance is running
[2026-07-26 18:40:31,320] [WARNING] [aiogram.dispatcher] - Sleep for 4.938471 seconds and try again... (tryings = 476, bot id = 8715181010)
[2026-07-26 18:40:41,263] [ERROR] [aiogram.dispatcher] - Failed to fetch updates - TelegramConflictError: Telegram server says - Conflict: terminated by other getUpdates request; make sure that only one bot instance is running
[2026-07-26 18:40:41,263] [WARNING] [aiogram.dispatcher] - Sleep for 4.860252 seconds and try again... (tryings = 477, bot id = 8715181010)
[2026-07-26 18:40:51,131] [ERROR] [aiogram.dispatcher] - Failed to fetch updates - TelegramConflictError: Telegram server says - Conflict: terminated by other getUpdates request; make sure that only one bot instance is running
[2026-07-26 18:40:51,131] [WARNING] [aiogram.dispatcher] - Sleep for 5.149591 seconds and try again... (tryings = 478, bot id = 8715181010)
[2026-07-26 18:41:01,564] [ERROR] [aiogram.dispatcher] - Failed to fetch updates - TelegramConflictError: Telegram server says - Conflict: terminated by other getUpdates request; make sure that only one bot instance is running
[2026-07-26 18:41:01,565] [WARNING] [aiogram.dispatcher] - Sleep for 4.970576 seconds and try again... (tryings = 479, bot id = 8715181010)
[2026-07-26 18:41:11,553] [ERROR] [aiogram.dispatcher] - Failed to fetch updates - TelegramConflictError: Telegram server says - Conflict: terminated by other getUpdates request; make sure that only one bot instance is running
[2026-07-26 18:41:11,553] [WARNING] [aiogram.dispatcher] - Sleep for 5.042383 seconds and try again... (tryings = 480, bot id = 8715181010)
[2026-07-26 18:41:21,897] [ERROR] [aiogram.dispatcher] - Failed to fetch updates - TelegramConflictError: Telegram server says - Conflict: terminated by other getUpdates request; make sure that only one bot instance is running
[2026-07-26 18:41:21,897] [WARNING] [aiogram.dispatcher] - Sleep for 5.048848 seconds and try again... (tryings = 481, bot id = 8715181010)
[2026-07-26 18:41:31,952] [ERROR] [aiogram.dispatcher] - Failed to fetch updates - TelegramConflictError: Telegram server says - Conflict: terminated by other getUpdates request; make sure that only one bot instance is running
[2026-07-26 18:41:31,952] [WARNING] [aiogram.dispatcher] - Sleep for 4.850772 seconds and try again... (tryings = 482, bot id = 8715181010)
[2026-07-26 18:41:41,553] [ERROR] [aiogram.dispatcher] - Failed to fetch updates - TelegramConflictError: Telegram server says - Conflict: terminated by other getUpdates request; make sure that only one bot instance is running
[2026-07-26 18:41:41,553] [WARNING] [aiogram.dispatcher] - Sleep for 5.056774 seconds and try again... (tryings = 483, bot id = 8715181010)
[2026-07-26 18:41:51,748] [ERROR] [aiogram.dispatcher] - Failed to fetch updates - TelegramConflictError: Telegram server says - Conflict: terminated by other getUpdates request; make sure that only one bot instance is running
[2026-07-26 18:41:51,748] [WARNING] [aiogram.dispatcher] - Sleep for 4.847282 seconds and try again... (tryings = 484, bot id = 8715181010)
[2026-07-26 18:42:01,559] [ERROR] [aiogram.dispatcher] - Failed to fetch updates - TelegramConflictError: Telegram server says - Conflict: terminated by other getUpdates request; make sure that only one bot instance is running
[2026-07-26 18:42:01,559] [WARNING] [aiogram.dispatcher] - Sleep for 4.821635 seconds and try again... (tryings = 485, bot id = 8715181010)
[2026-07-26 18:42:11,273] [ERROR] [aiogram.dispatcher] - Failed to fetch updates - TelegramConflictError: Telegram server says - Conflict: terminated by other getUpdates request; make sure that only one bot instance is running
[2026-07-26 18:42:11,273] [WARNING] [aiogram.dispatcher] - Sleep for 4.881749 seconds and try again... (tryings = 486, bot id = 8715181010)
[2026-07-26 18:42:21,200] [ERROR] [aiogram.dispatcher] - Failed to fetch updates - TelegramConflictError: Telegram server says - Conflict: terminated by other getUpdates request; make sure that only one bot instance is running
[2026-07-26 18:42:21,200] [WARNING] [aiogram.dispatcher] - Sleep for 4.907099 seconds and try again... (tryings = 487, bot id = 8715181010)
[2026-07-26 18:42:31,273] [ERROR] [aiogram.dispatcher] - Failed to fetch updates - TelegramConflictError: Telegram server says - Conflict: terminated by other getUpdates request; make sure that only one bot instance is running
[2026-07-26 18:42:31,274] [WARNING] [aiogram.dispatcher] - Sleep for 4.824103 seconds and try again... (tryings = 488, bot id = 8715181010)
[2026-07-26 18:42:41,147] [ERROR] [aiogram.dispatcher] - Failed to fetch updates - TelegramConflictError: Telegram server says - Conflict: terminated by other getUpdates request; make sure that only one bot instance is running
[2026-07-26 18:42:41,147] [WARNING] [aiogram.dispatcher] - Sleep for 4.859927 seconds and try again... (tryings = 489, bot id = 8715181010)
[2026-07-26 18:42:51,217] [ERROR] [aiogram.dispatcher] - Failed to fetch updates - TelegramConflictError: Telegram server says - Conflict: terminated by other getUpdates request; make sure that only one bot instance is running
[2026-07-26 18:42:51,217] [WARNING] [aiogram.dispatcher] - Sleep for 5.151413 seconds and try again... (tryings = 490, bot id = 8715181010)
[2026-07-26 18:43:01,345] [ERROR] [aiogram.dispatcher] - Failed to fetch updates - TelegramConflictError: Telegram server says - Conflict: terminated by other getUpdates request; make sure that only one bot instance is running
[2026-07-26 18:43:01,346] [WARNING] [aiogram.dispatcher] - Sleep for 5.002198 seconds and try again... (tryings = 491, bot id = 8715181010)
[2026-07-26 18:43:11,335] [ERROR] [aiogram.dispatcher] - Failed to fetch updates - TelegramConflictError: Telegram server says - Conflict: terminated by other getUpdates request; make sure that only one bot instance is running
[2026-07-26 18:43:11,336] [WARNING] [aiogram.dispatcher] - Sleep for 5.051432 seconds and try again... (tryings = 492, bot id = 8715181010)
[2026-07-26 18:43:21,538] [ERROR] [aiogram.dispatcher] - Failed to fetch updates - TelegramConflictError: Telegram server says - Conflict: terminated by other getUpdates request; make sure that only one bot instance is running
[2026-07-26 18:43:21,538] [WARNING] [aiogram.dispatcher] - Sleep for 4.984211 seconds and try again... (tryings = 493, bot id = 8715181010)
[2026-07-26 18:43:31,658] [ERROR] [aiogram.dispatcher] - Failed to fetch updates - TelegramConflictError: Telegram server says - Conflict: terminated by other getUpdates request; make sure that only one bot instance is running
[2026-07-26 18:43:31,658] [WARNING] [aiogram.dispatcher] - Sleep for 5.122781 seconds and try again... (tryings = 494, bot id = 8715181010)
[2026-07-26 18:43:41,705] [ERROR] [aiogram.dispatcher] - Failed to fetch updates - TelegramConflictError: Telegram server says - Conflict: terminated by other getUpdates request; make sure that only one bot instance is running
[2026-07-26 18:43:41,705] [WARNING] [aiogram.dispatcher] - Sleep for 5.170452 seconds and try again... (tryings = 495, bot id = 8715181010)
[2026-07-26 18:43:51,858] [ERROR] [aiogram.dispatcher] - Failed to fetch updates - TelegramConflictError: Telegram server says - Conflict: terminated by other getUpdates request; make sure that only one bot instance is running
[2026-07-26 18:43:51,858] [WARNING] [aiogram.dispatcher] - Sleep for 4.867780 seconds and try again... (tryings = 496, bot id = 8715181010)
[2026-07-26 18:44:01,884] [ERROR] [aiogram.dispatcher] - Failed to fetch updates - TelegramConflictError: Telegram server says - Conflict: terminated by other getUpdates request; make sure that only one bot instance is running
[2026-07-26 18:44:01,885] [WARNING] [aiogram.dispatcher] - Sleep for 4.975911 seconds and try again... (tryings = 497, bot id = 8715181010)
[2026-07-26 18:44:11,824] [ERROR] [aiogram.dispatcher] - Failed to fetch updates - TelegramConflictError: Telegram server says - Conflict: terminated by other getUpdates request; make sure that only one bot instance is running
[2026-07-26 18:44:11,824] [WARNING] [aiogram.dispatcher] - Sleep for 4.822986 seconds and try again... (tryings = 498, bot id = 8715181010)
[2026-07-26 18:44:21,564] [ERROR] [aiogram.dispatcher] - Failed to fetch updates - TelegramConflictError: Telegram server says - Conflict: terminated by other getUpdates request; make sure that only one bot instance is running
[2026-07-26 18:44:21,564] [WARNING] [aiogram.dispatcher] - Sleep for 5.010791 seconds and try again... (tryings = 499, bot id = 8715181010)
[2026-07-26 18:44:31,500] [ERROR] [aiogram.dispatcher] - Failed to fetch updates - TelegramConflictError: Telegram server says - Conflict: terminated by other getUpdates request; make sure that only one bot instance is running
[2026-07-26 18:44:31,501] [WARNING] [aiogram.dispatcher] - Sleep for 4.943580 seconds and try again... (tryings = 500, bot id = 8715181010)
[2026-07-26 18:44:41,574] [ERROR] [aiogram.dispatcher] - Failed to fetch updates - TelegramConflictError: Telegram server says - Conflict: terminated by other getUpdates request; make sure that only one bot instance is running
[2026-07-26 18:44:41,574] [WARNING] [aiogram.dispatcher] - Sleep for 5.007356 seconds and try again... (tryings = 501, bot id = 8715181010)
[2026-07-26 18:44:51,858] [ERROR] [aiogram.dispatcher] - Failed to fetch updates - TelegramConflictError: Telegram server says - Conflict: terminated by other getUpdates request; make sure that only one bot instance is running
[2026-07-26 18:44:51,859] [WARNING] [aiogram.dispatcher] - Sleep for 5.148104 seconds and try again... (tryings = 502, bot id = 8715181010)
[2026-07-26 18:45:01,990] [ERROR] [aiogram.dispatcher] - Failed to fetch updates - TelegramConflictError: Telegram server says - Conflict: terminated by other getUpdates request; make sure that only one bot instance is running
[2026-07-26 18:45:01,991] [WARNING] [aiogram.dispatcher] - Sleep for 5.208151 seconds and try again... (tryings = 503, bot id = 8715181010)
[2026-07-26 18:45:12,235] [ERROR] [aiogram.dispatcher] - Failed to fetch updates - TelegramConflictError: Telegram server says - Conflict: terminated by other getUpdates request; make sure that only one bot instance is running
[2026-07-26 18:45:12,235] [WARNING] [aiogram.dispatcher] - Sleep for 5.006083 seconds and try again... (tryings = 504, bot id = 8715181010)
[2026-07-26 18:45:22,117] [ERROR] [aiogram.dispatcher] - Failed to fetch updates - TelegramConflictError: Telegram server says - Conflict: terminated by other getUpdates request; make sure that only one bot instance is running
[2026-07-26 18:45:22,119] [WARNING] [aiogram.dispatcher] - Sleep for 4.706572 seconds and try again... (tryings = 505, bot id = 8715181010)
[2026-07-26 18:45:31,861] [ERROR] [aiogram.dispatcher] - Failed to fetch updates - TelegramConflictError: Telegram server says - Conflict: terminated by other getUpdates request; make sure that only one bot instance is running
[2026-07-26 18:45:31,862] [WARNING] [aiogram.dispatcher] - Sleep for 4.980183 seconds and try again... (tryings = 506, bot id = 8715181010)
[2026-07-26 18:45:41,939] [ERROR] [aiogram.dispatcher] - Failed to fetch updates - TelegramConflictError: Telegram server says - Conflict: terminated by other getUpdates request; make sure that only one bot instance is running
[2026-07-26 18:45:41,939] [WARNING] [aiogram.dispatcher] - Sleep for 4.826998 seconds and try again... (tryings = 507, bot id = 8715181010)
[2026-07-26 18:45:51,681] [ERROR] [aiogram.dispatcher] - Failed to fetch updates - TelegramConflictError: Telegram server says - Conflict: terminated by other getUpdates request; make sure that only one bot instance is running
[2026-07-26 18:45:51,682] [WARNING] [aiogram.dispatcher] - Sleep for 5.111026 seconds and try again... (tryings = 508, bot id = 8715181010)
[2026-07-26 18:46:01,796] [ERROR] [aiogram.dispatcher] - Failed to fetch updates - TelegramConflictError: Telegram server says - Conflict: terminated by other getUpdates request; make sure that only one bot instance is running
[2026-07-26 18:46:01,797] [WARNING] [aiogram.dispatcher] - Sleep for 5.028629 seconds and try again... (tryings = 509, bot id = 8715181010)
[2026-07-26 18:46:12,009] [ERROR] [aiogram.dispatcher] - Failed to fetch updates - TelegramConflictError: Telegram server says - Conflict: terminated by other getUpdates request; make sure that only one bot instance is running
[2026-07-26 18:46:12,009] [WARNING] [aiogram.dispatcher] - Sleep for 5.299801 seconds and try again... (tryings = 510, bot id = 8715181010)
[2026-07-26 18:46:22,473] [ERROR] [aiogram.dispatcher] - Failed to fetch updates - TelegramConflictError: Telegram server says - Conflict: terminated by other getUpdates request; make sure that only one bot instance is running
[2026-07-26 18:46:22,473] [WARNING] [aiogram.dispatcher] - Sleep for 5.095405 seconds and try again... (tryings = 511, bot id = 8715181010)
[2026-07-26 18:46:32,037] [INFO] [bot.services.scheduler] - 🔁 materialize_subscription_state: проход по 6 ключам
[2026-07-26 18:46:32,210] [INFO] [bot.services.panels.xui] - Обновлён клиент user_DerAndrey_1d544 через clients API: expiry=2026-07-28 17:19, limit=1000.0 ГБ, enable=True
[2026-07-26 18:46:32,292] [INFO] [bot.services.panels.xui] - Обновлён клиент user_Godmajik_a6ec1 через clients API: expiry=2026-07-29 08:07, limit=1000.0 ГБ, enable=True
[2026-07-26 18:46:32,315] [INFO] [bot.services.panels.xui] - Обновлён клиент user_Aleksei_Mezentcev_4cf71 через clients API: expiry=2026-07-29 09:51, limit=1000.0 ГБ, enable=True
[2026-07-26 18:46:32,343] [INFO] [bot.services.panels.xui] - Обновлён клиент user_alena_samovolnikova_696a3 через clients API: expiry=2026-08-01 17:16, limit=1000.0 ГБ, enable=True
[2026-07-26 18:46:32,367] [INFO] [bot.services.panels.xui] - Обновлён клиент user_deilja_70301 через clients API: expiry=2026-08-19 21:29, limit=1000.0 ГБ, enable=True
[2026-07-26 18:46:32,396] [INFO] [bot.services.panels.xui] - Обновлён клиент user_1670537525_642a6 через clients API: expiry=2026-07-27 06:15, limit=100.0 ГБ, enable=True
[2026-07-26 18:46:32,397] [INFO] [bot.services.scheduler] - 🔁 materialize_subscription_state завершён: {'created': 0, 'deleted': 0, 'updated': 6, 'enabled': 0, 'disabled': 0, 'reset': 0, 'skipped': 12, 'errors': 0}
[2026-07-26 18:46:32,690] [ERROR] [aiogram.dispatcher] - Failed to fetch updates - TelegramConflictError: Telegram server says - Conflict: terminated by other getUpdates request; make sure that only one bot instance is running
[2026-07-26 18:46:32,691] [WARNING] [aiogram.dispatcher] - Sleep for 5.012713 seconds and try again... (tryings = 512, bot id = 8715181010)
[2026-07-26 18:46:42,658] [ERROR] [aiogram.dispatcher] - Failed to fetch updates - TelegramConflictError: Telegram server says - Conflict: terminated by other getUpdates request; make sure that only one bot instance is running
[2026-07-26 18:46:42,659] [WARNING] [aiogram.dispatcher] - Sleep for 4.930081 seconds and try again... (tryings = 513, bot id = 8715181010)
[2026-07-26 18:46:52,753] [ERROR] [aiogram.dispatcher] - Failed to fetch updates - TelegramConflictError: Telegram server says - Conflict: terminated by other getUpdates request; make sure that only one bot instance is running
[2026-07-26 18:46:52,754] [WARNING] [aiogram.dispatcher] - Sleep for 4.874460 seconds and try again... (tryings = 514, bot id = 8715181010)
[2026-07-26 18:47:02,644] [ERROR] [aiogram.dispatcher] - Failed to fetch updates - TelegramConflictError: Telegram server says - Conflict: terminated by other getUpdates request; make sure that only one bot instance is running
[2026-07-26 18:47:02,645] [WARNING] [aiogram.dispatcher] - Sleep for 5.119540 seconds and try again... (tryings = 515, bot id = 8715181010)
[2026-07-26 18:47:12,775] [ERROR] [aiogram.dispatcher] - Failed to fetch updates - TelegramConflictError: Telegram server says - Conflict: terminated by other getUpdates request; make sure that only one bot instance is running
[2026-07-26 18:47:12,775] [WARNING] [aiogram.dispatcher] - Sleep for 5.229019 seconds and try again... (tryings = 516, bot id = 8715181010)
[2026-07-26 18:47:23,021] [ERROR] [aiogram.dispatcher] - Failed to fetch updates - TelegramConflictError: Telegram server says - Conflict: terminated by other getUpdates request; make sure that only one bot instance is running
[2026-07-26 18:47:23,022] [WARNING] [aiogram.dispatcher] - Sleep for 5.026761 seconds and try again... (tryings = 517, bot id = 8715181010)
[2026-07-26 18:47:32,969] [ERROR] [aiogram.dispatcher] - Failed to fetch updates - TelegramConflictError: Telegram server says - Conflict: terminated by other getUpdates request; make sure that only one bot instance is running
[2026-07-26 18:47:32,969] [WARNING] [aiogram.dispatcher] - Sleep for 5.071640 seconds and try again... (tryings = 518, bot id = 8715181010)
[2026-07-26 18:47:43,252] [ERROR] [aiogram.dispatcher] - Failed to fetch updates - TelegramConflictError: Telegram server says - Conflict: terminated by other getUpdates request; make sure that only one bot instance is running
[2026-07-26 18:47:43,253] [WARNING] [aiogram.dispatcher] - Sleep for 5.089887 seconds and try again... (tryings = 519, bot id = 8715181010)
[2026-07-26 18:47:53,348] [ERROR] [aiogram.dispatcher] - Failed to fetch updates - TelegramConflictError: Telegram server says - Conflict: terminated by other getUpdates request; make sure that only one bot instance is running
[2026-07-26 18:47:53,348] [WARNING] [aiogram.dispatcher] - Sleep for 5.150113 seconds and try again... (tryings = 520, bot id = 8715181010)
[2026-07-26 18:48:03,451] [ERROR] [aiogram.dispatcher] - Failed to fetch updates - TelegramConflictError: Telegram server says - Conflict: terminated by other getUpdates request; make sure that only one bot instance is running
[2026-07-26 18:48:03,452] [WARNING] [aiogram.dispatcher] - Sleep for 4.855991 seconds and try again... (tryings = 521, bot id = 8715181010)
[2026-07-26 18:48:13,336] [ERROR] [aiogram.dispatcher] - Failed to fetch updates - TelegramConflictError: Telegram server says - Conflict: terminated by other getUpdates request; make sure that only one bot instance is running
[2026-07-26 18:48:13,337] [WARNING] [aiogram.dispatcher] - Sleep for 4.902544 seconds and try again... (tryings = 522, bot id = 8715181010)
[2026-07-26 18:48:23,335] [ERROR] [aiogram.dispatcher] - Failed to fetch updates - TelegramConflictError: Telegram server says - Conflict: terminated by other getUpdates request; make sure that only one bot instance is running
[2026-07-26 18:48:23,335] [WARNING] [aiogram.dispatcher] - Sleep for 4.939641 seconds and try again... (tryings = 523, bot id = 8715181010)
[2026-07-26 18:48:33,344] [ERROR] [aiogram.dispatcher] - Failed to fetch updates - TelegramConflictError: Telegram server says - Conflict: terminated by other getUpdates request; make sure that only one bot instance is running
[2026-07-26 18:48:33,344] [WARNING] [aiogram.dispatcher] - Sleep for 5.203592 seconds and try again... (tryings = 524, bot id = 8715181010)
[2026-07-26 18:48:43,629] [ERROR] [aiogram.dispatcher] - Failed to fetch updates - TelegramConflictError: Telegram server says - Conflict: terminated by other getUpdates request; make sure that only one bot instance is running
[2026-07-26 18:48:43,629] [WARNING] [aiogram.dispatcher] - Sleep for 5.143331 seconds and try again... (tryings = 525, bot id = 8715181010)
[2026-07-26 18:48:53,977] [ERROR] [aiogram.dispatcher] - Failed to fetch updates - TelegramConflictError: Telegram server says - Conflict: terminated by other getUpdates request; make sure that only one bot instance is running
[2026-07-26 18:48:53,977] [WARNING] [aiogram.dispatcher] - Sleep for 5.044091 seconds and try again... (tryings = 526, bot id = 8715181010)
[2026-07-26 18:49:04,075] [ERROR] [aiogram.dispatcher] - Failed to fetch updates - TelegramConflictError: Telegram server says - Conflict: terminated by other getUpdates request; make sure that only one bot instance is running
[2026-07-26 18:49:04,076] [WARNING] [aiogram.dispatcher] - Sleep for 4.984488 seconds and try again... (tryings = 527, bot id = 8715181010)
[2026-07-26 18:49:14,200] [ERROR] [aiogram.dispatcher] - Failed to fetch updates - TelegramConflictError: Telegram server says - Conflict: terminated by other getUpdates request; make sure that only one bot instance is running
[2026-07-26 18:49:14,200] [WARNING] [aiogram.dispatcher] - Sleep for 5.075291 seconds and try again... (tryings = 528, bot id = 8715181010)
[2026-07-26 18:49:24,274] [ERROR] [aiogram.dispatcher] - Failed to fetch updates - TelegramConflictError: Telegram server says - Conflict: terminated by other getUpdates request; make sure that only one bot instance is running
[2026-07-26 18:49:24,274] [WARNING] [aiogram.dispatcher] - Sleep for 4.946102 seconds and try again... (tryings = 529, bot id = 8715181010)
[2026-07-26 18:49:34,289] [ERROR] [aiogram.dispatcher] - Failed to fetch updates - TelegramConflictError: Telegram server says - Conflict: terminated by other getUpdates request; make sure that only one bot instance is running
[2026-07-26 18:49:34,289] [WARNING] [aiogram.dispatcher] - Sleep for 4.937281 seconds and try again... (tryings = 530, bot id = 8715181010)
[2026-07-26 18:49:44,448] [ERROR] [aiogram.dispatcher] - Failed to fetch updates - TelegramConflictError: Telegram server says - Conflict: terminated by other getUpdates request; make sure that only one bot instance is running
[2026-07-26 18:49:44,449] [WARNING] [aiogram.dispatcher] - Sleep for 4.965692 seconds and try again... (tryings = 531, bot id = 8715181010)
[2026-07-26 18:49:54,420] [ERROR] [aiogram.dispatcher] - Failed to fetch updates - TelegramConflictError: Telegram server says - Conflict: terminated by other getUpdates request; make sure that only one bot instance is running
[2026-07-26 18:49:54,420] [WARNING] [aiogram.dispatcher] - Sleep for 4.885377 seconds and try again... (tryings = 532, bot id = 8715181010)
[2026-07-26 18:50:04,411] [ERROR] [aiogram.dispatcher] - Failed to fetch updates - TelegramConflictError: Telegram server says - Conflict: terminated by other getUpdates request; make sure that only one bot instance is running
[2026-07-26 18:50:04,411] [WARNING] [aiogram.dispatcher] - Sleep for 4.943997 seconds and try again... (tryings = 533, bot id = 8715181010)
[2026-07-26 18:50:14,320] [ERROR] [aiogram.dispatcher] - Failed to fetch updates - TelegramConflictError: Telegram server says - Conflict: terminated by other getUpdates request; make sure that only one bot instance is running
[2026-07-26 18:50:14,320] [WARNING] [aiogram.dispatcher] - Sleep for 5.004205 seconds and try again... (tryings = 534, bot id = 8715181010)
[2026-07-26 18:50:24,188] [ERROR] [aiogram.dispatcher] - Failed to fetch updates - TelegramConflictError: Telegram server says - Conflict: terminated by other getUpdates request; make sure that only one bot instance is running
[2026-07-26 18:50:24,188] [WARNING] [aiogram.dispatcher] - Sleep for 4.840793 seconds and try again... (tryings = 535, bot id = 8715181010)
[2026-07-26 18:50:34,198] [ERROR] [aiogram.dispatcher] - Failed to fetch updates - TelegramConflictError: Telegram server says - Conflict: terminated by other getUpdates request; make sure that only one bot instance is running
[2026-07-26 18:50:34,198] [WARNING] [aiogram.dispatcher] - Sleep for 5.050941 seconds and try again... (tryings = 536, bot id = 8715181010)
[2026-07-26 18:50:44,287] [ERROR] [aiogram.dispatcher] - Failed to fetch updates - TelegramConflictError: Telegram server says - Conflict: terminated by other getUpdates request; make sure that only one bot instance is running
[2026-07-26 18:50:44,288] [WARNING] [aiogram.dispatcher] - Sleep for 5.061853 seconds and try again... (tryings = 537, bot id = 8715181010)
[2026-07-26 18:50:54,369] [ERROR] [aiogram.dispatcher] - Failed to fetch updates - TelegramConflictError: Telegram server says - Conflict: terminated by other getUpdates request; make sure that only one bot instance is running
[2026-07-26 18:50:54,370] [WARNING] [aiogram.dispatcher] - Sleep for 5.106516 seconds and try again... (tryings = 538, bot id = 8715181010)
[2026-07-26 18:51:04,571] [ERROR] [aiogram.dispatcher] - Failed to fetch updates - TelegramConflictError: Telegram server says - Conflict: terminated by other getUpdates request; make sure that only one bot instance is running
[2026-07-26 18:51:04,571] [WARNING] [aiogram.dispatcher] - Sleep for 5.079816 seconds and try again... (tryings = 539, bot id = 8715181010)
[2026-07-26 18:51:14,482] [ERROR] [aiogram.dispatcher] - Failed to fetch updates - TelegramConflictError: Telegram server says - Conflict: terminated by other getUpdates request; make sure that only one bot instance is running
[2026-07-26 18:51:14,482] [WARNING] [aiogram.dispatcher] - Sleep for 5.114891 seconds and try again... (tryings = 540, bot id = 8715181010)
[2026-07-26 18:51:24,592] [ERROR] [aiogram.dispatcher] - Failed to fetch updates - TelegramConflictError: Telegram server says - Conflict: terminated by other getUpdates request; make sure that only one bot instance is running
[2026-07-26 18:51:24,592] [WARNING] [aiogram.dispatcher] - Sleep for 5.032171 seconds and try again... (tryings = 541, bot id = 8715181010)
[2026-07-26 18:51:34,610] [ERROR] [aiogram.dispatcher] - Failed to fetch updates - TelegramConflictError: Telegram server says - Conflict: terminated by other getUpdates request; make sure that only one bot instance is running
[2026-07-26 18:51:34,610] [WARNING] [aiogram.dispatcher] - Sleep for 4.997383 seconds and try again... (tryings = 542, bot id = 8715181010)
[2026-07-26 18:51:44,579] [ERROR] [aiogram.dispatcher] - Failed to fetch updates - TelegramConflictError: Telegram server says - Conflict: terminated by other getUpdates request; make sure that only one bot instance is running
[2026-07-26 18:51:44,579] [WARNING] [aiogram.dispatcher] - Sleep for 4.876638 seconds and try again... (tryings = 543, bot id = 8715181010)
[2026-07-26 18:51:54,479] [ERROR] [aiogram.dispatcher] - Failed to fetch updates - TelegramConflictError: Telegram server says - Conflict: terminated by other getUpdates request; make sure that only one bot instance is running
[2026-07-26 18:51:54,480] [WARNING] [aiogram.dispatcher] - Sleep for 5.028745 seconds and try again... (tryings = 544, bot id = 8715181010)
[2026-07-26 18:52:04,568] [ERROR] [aiogram.dispatcher] - Failed to fetch updates - TelegramConflictError: Telegram server says - Conflict: terminated by other getUpdates request; make sure that only one bot instance is running
[2026-07-26 18:52:04,569] [WARNING] [aiogram.dispatcher] - Sleep for 4.988385 seconds and try again... (tryings = 545, bot id = 8715181010)
[2026-07-26 18:52:14,704] [ERROR] [aiogram.dispatcher] - Failed to fetch updates - TelegramConflictError: Telegram server says - Conflict: terminated by other getUpdates request; make sure that only one bot instance is running
[2026-07-26 18:52:14,704] [WARNING] [aiogram.dispatcher] - Sleep for 4.954473 seconds and try again... (tryings = 546, bot id = 8715181010)
[2026-07-26 18:52:24,657] [ERROR] [aiogram.dispatcher] - Failed to fetch updates - TelegramConflictError: Telegram server says - Conflict: terminated by other getUpdates request; make sure that only one bot instance is running
[2026-07-26 18:52:24,657] [WARNING] [aiogram.dispatcher] - Sleep for 5.116269 seconds and try again... (tryings = 547, bot id = 8715181010)
[2026-07-26 18:52:34,750] [ERROR] [aiogram.dispatcher] - Failed to fetch updates - TelegramConflictError: Telegram server says - Conflict: terminated by other getUpdates request; make sure that only one bot instance is running
[2026-07-26 18:52:34,751] [WARNING] [aiogram.dispatcher] - Sleep for 4.965386 seconds and try again... (tryings = 548, bot id = 8715181010)
[2026-07-26 18:52:44,734] [ERROR] [aiogram.dispatcher] - Failed to fetch updates - TelegramConflictError: Telegram server says - Conflict: terminated by other getUpdates request; make sure that only one bot instance is running
[2026-07-26 18:52:44,734] [WARNING] [aiogram.dispatcher] - Sleep for 5.032508 seconds and try again... (tryings = 549, bot id = 8715181010)
[2026-07-26 18:52:54,745] [ERROR] [aiogram.dispatcher] - Failed to fetch updates - TelegramConflictError: Telegram server says - Conflict: terminated by other getUpdates request; make sure that only one bot instance is running
[2026-07-26 18:52:54,745] [WARNING] [aiogram.dispatcher] - Sleep for 4.968396 seconds and try again... (tryings = 550, bot id = 8715181010)
[2026-07-26 18:53:04,769] [ERROR] [aiogram.dispatcher] - Failed to fetch updates - TelegramConflictError: Telegram server says - Conflict: terminated by other getUpdates request; make sure that only one bot instance is running
[2026-07-26 18:53:04,769] [WARNING] [aiogram.dispatcher] - Sleep for 5.021908 seconds and try again... (tryings = 551, bot id = 8715181010)
[2026-07-26 18:53:14,792] [ERROR] [aiogram.dispatcher] - Failed to fetch updates - TelegramConflictError: Telegram server says - Conflict: terminated by other getUpdates request; make sure that only one bot instance is running
[2026-07-26 18:53:14,792] [WARNING] [aiogram.dispatcher] - Sleep for 4.879653 seconds and try again... (tryings = 552, bot id = 8715181010)
[2026-07-26 18:53:24,770] [ERROR] [aiogram.dispatcher] - Failed to fetch updates - TelegramConflictError: Telegram server says - Conflict: terminated by other getUpdates request; make sure that only one bot instance is running
[2026-07-26 18:53:24,770] [WARNING] [aiogram.dispatcher] - Sleep for 4.720246 seconds and try again... (tryings = 553, bot id = 8715181010)
[2026-07-26 18:53:34,672] [ERROR] [aiogram.dispatcher] - Failed to fetch updates - TelegramConflictError: Telegram server says - Conflict: terminated by other getUpdates request; make sure that only one bot instance is running
[2026-07-26 18:53:34,673] [WARNING] [aiogram.dispatcher] - Sleep for 5.113412 seconds and try again... (tryings = 554, bot id = 8715181010)
[2026-07-26 18:53:44,749] [ERROR] [aiogram.dispatcher] - Failed to fetch updates - TelegramConflictError: Telegram server says - Conflict: terminated by other getUpdates request; make sure that only one bot instance is running
[2026-07-26 18:53:44,749] [WARNING] [aiogram.dispatcher] - Sleep for 4.930588 seconds and try again... (tryings = 555, bot id = 8715181010)
[2026-07-26 18:53:54,785] [ERROR] [aiogram.dispatcher] - Failed to fetch updates - TelegramConflictError: Telegram server says - Conflict: terminated by other getUpdates request; make sure that only one bot instance is running
[2026-07-26 18:53:54,785] [WARNING] [aiogram.dispatcher] - Sleep for 5.016440 seconds and try again... (tryings = 556, bot id = 8715181010)
[2026-07-26 18:54:04,877] [ERROR] [aiogram.dispatcher] - Failed to fetch updates - TelegramConflictError: Telegram server says - Conflict: terminated by other getUpdates request; make sure that only one bot instance is running
[2026-07-26 18:54:04,877] [WARNING] [aiogram.dispatcher] - Sleep for 5.025913 seconds and try again... (tryings = 557, bot id = 8715181010)
[2026-07-26 18:54:15,047] [ERROR] [aiogram.dispatcher] - Failed to fetch updates - TelegramConflictError: Telegram server says - Conflict: terminated by other getUpdates request; make sure that only one bot instance is running
[2026-07-26 18:54:15,047] [WARNING] [aiogram.dispatcher] - Sleep for 5.051169 seconds and try again... (tryings = 558, bot id = 8715181010)
[2026-07-26 18:54:25,264] [ERROR] [aiogram.dispatcher] - Failed to fetch updates - TelegramConflictError: Telegram server says - Conflict: terminated by other getUpdates request; make sure that only one bot instance is running
[2026-07-26 18:54:25,265] [WARNING] [aiogram.dispatcher] - Sleep for 4.854813 seconds and try again... (tryings = 559, bot id = 8715181010)
[2026-07-26 18:54:35,078] [ERROR] [aiogram.dispatcher] - Failed to fetch updates - TelegramConflictError: Telegram server says - Conflict: terminated by other getUpdates request; make sure that only one bot instance is running
[2026-07-26 18:54:35,078] [WARNING] [aiogram.dispatcher] - Sleep for 5.004249 seconds and try again... (tryings = 560, bot id = 8715181010)
[2026-07-26 18:54:45,156] [ERROR] [aiogram.dispatcher] - Failed to fetch updates - TelegramConflictError: Telegram server says - Conflict: terminated by other getUpdates request; make sure that only one bot instance is running
[2026-07-26 18:54:45,157] [WARNING] [aiogram.dispatcher] - Sleep for 5.102687 seconds and try again... (tryings = 561, bot id = 8715181010)
[2026-07-26 18:54:55,196] [ERROR] [aiogram.dispatcher] - Failed to fetch updates - TelegramConflictError: Telegram server says - Conflict: terminated by other getUpdates request; make sure that only one bot instance is running
[2026-07-26 18:54:55,196] [WARNING] [aiogram.dispatcher] - Sleep for 5.029888 seconds and try again... (tryings = 562, bot id = 8715181010)
[2026-07-26 18:55:05,313] [ERROR] [aiogram.dispatcher] - Failed to fetch updates - TelegramConflictError: Telegram server says - Conflict: terminated by other getUpdates request; make sure that only one bot instance is running
[2026-07-26 18:55:05,313] [WARNING] [aiogram.dispatcher] - Sleep for 4.967632 seconds and try again... (tryings = 563, bot id = 8715181010)
[2026-07-26 18:55:15,166] [ERROR] [aiogram.dispatcher] - Failed to fetch updates - TelegramConflictError: Telegram server says - Conflict: terminated by other getUpdates request; make sure that only one bot instance is running
[2026-07-26 18:55:15,167] [WARNING] [aiogram.dispatcher] - Sleep for 5.005179 seconds and try again... (tryings = 564, bot id = 8715181010)
[2026-07-26 18:55:25,195] [ERROR] [aiogram.dispatcher] - Failed to fetch updates - TelegramConflictError: Telegram server says - Conflict: terminated by other getUpdates request; make sure that only one bot instance is running
[2026-07-26 18:55:25,195] [WARNING] [aiogram.dispatcher] - Sleep for 5.023843 seconds and try again... (tryings = 565, bot id = 8715181010)
[2026-07-26 18:55:35,229] [ERROR] [aiogram.dispatcher] - Failed to fetch updates - TelegramConflictError: Telegram server says - Conflict: terminated by other getUpdates request; make sure that only one bot instance is running
[2026-07-26 18:55:35,229] [WARNING] [aiogram.dispatcher] - Sleep for 4.876417 seconds and try again... (tryings = 566, bot id = 8715181010)
[2026-07-26 18:55:45,200] [ERROR] [aiogram.dispatcher] - Failed to fetch updates - TelegramConflictError: Telegram server says - Conflict: terminated by other getUpdates request; make sure that only one bot instance is running
[2026-07-26 18:55:45,201] [WARNING] [aiogram.dispatcher] - Sleep for 5.065539 seconds and try again... (tryings = 567, bot id = 8715181010)
[2026-07-26 18:55:55,419] [ERROR] [aiogram.dispatcher] - Failed to fetch updates - TelegramConflictError: Telegram server says - Conflict: terminated by other getUpdates request; make sure that only one bot instance is running
[2026-07-26 18:55:55,419] [WARNING] [aiogram.dispatcher] - Sleep for 4.892745 seconds and try again... (tryings = 568, bot id = 8715181010)
[2026-07-26 18:56:05,371] [ERROR] [aiogram.dispatcher] - Failed to fetch updates - TelegramConflictError: Telegram server says - Conflict: terminated by other getUpdates request; make sure that only one bot instance is running
[2026-07-26 18:56:05,371] [WARNING] [aiogram.dispatcher] - Sleep for 5.051243 seconds and try again... (tryings = 569, bot id = 8715181010)
[2026-07-26 18:56:15,462] [ERROR] [aiogram.dispatcher] - Failed to fetch updates - TelegramConflictError: Telegram server says - Conflict: terminated by other getUpdates request; make sure that only one bot instance is running
[2026-07-26 18:56:15,462] [WARNING] [aiogram.dispatcher] - Sleep for 4.789889 seconds and try again... (tryings = 570, bot id = 8715181010)
[2026-07-26 18:56:25,300] [ERROR] [aiogram.dispatcher] - Failed to fetch updates - TelegramConflictError: Telegram server says - Conflict: terminated by other getUpdates request; make sure that only one bot instance is running
[2026-07-26 18:56:25,301] [WARNING] [aiogram.dispatcher] - Sleep for 5.026334 seconds and try again... (tryings = 571, bot id = 8715181010)
[2026-07-26 18:56:35,352] [ERROR] [aiogram.dispatcher] - Failed to fetch updates - TelegramConflictError: Telegram server says - Conflict: terminated by other getUpdates request; make sure that only one bot instance is running
[2026-07-26 18:56:35,352] [WARNING] [aiogram.dispatcher] - Sleep for 5.088819 seconds and try again... (tryings = 572, bot id = 8715181010)
[2026-07-26 18:56:45,393] [ERROR] [aiogram.dispatcher] - Failed to fetch updates - TelegramConflictError: Telegram server says - Conflict: terminated by other getUpdates request; make sure that only one bot instance is running
[2026-07-26 18:56:45,393] [WARNING] [aiogram.dispatcher] - Sleep for 4.981429 seconds and try again... (tryings = 573, bot id = 8715181010)
[2026-07-26 18:56:55,338] [ERROR] [aiogram.dispatcher] - Failed to fetch updates - TelegramConflictError: Telegram server says - Conflict: terminated by other getUpdates request; make sure that only one bot instance is running
[2026-07-26 18:56:55,338] [WARNING] [aiogram.dispatcher] - Sleep for 5.184153 seconds and try again... (tryings = 574, bot id = 8715181010)
[2026-07-26 18:57:05,667] [ERROR] [aiogram.dispatcher] - Failed to fetch updates - TelegramConflictError: Telegram server says - Conflict: terminated by other getUpdates request; make sure that only one bot instance is running
[2026-07-26 18:57:05,667] [WARNING] [aiogram.dispatcher] - Sleep for 4.907181 seconds and try again... (tryings = 575, bot id = 8715181010)
[2026-07-26 18:57:15,667] [ERROR] [aiogram.dispatcher] - Failed to fetch updates - TelegramConflictError: Telegram server says - Conflict: terminated by other getUpdates request; make sure that only one bot instance is running
[2026-07-26 18:57:15,667] [WARNING] [aiogram.dispatcher] - Sleep for 5.200948 seconds and try again... (tryings = 576, bot id = 8715181010)
[2026-07-26 18:57:25,907] [ERROR] [aiogram.dispatcher] - Failed to fetch updates - TelegramConflictError: Telegram server says - Conflict: terminated by other getUpdates request; make sure that only one bot instance is running
[2026-07-26 18:57:25,907] [WARNING] [aiogram.dispatcher] - Sleep for 5.006658 seconds and try again... (tryings = 577, bot id = 8715181010)
[2026-07-26 18:57:35,794] [ERROR] [aiogram.dispatcher] - Failed to fetch updates - TelegramConflictError: Telegram server says - Conflict: terminated by other getUpdates request; make sure that only one bot instance is running
[2026-07-26 18:57:35,794] [WARNING] [aiogram.dispatcher] - Sleep for 5.143644 seconds and try again... (tryings = 578, bot id = 8715181010)
[2026-07-26 18:57:46,076] [ERROR] [aiogram.dispatcher] - Failed to fetch updates - TelegramConflictError: Telegram server says - Conflict: terminated by other getUpdates request; make sure that only one bot instance is running
[2026-07-26 18:57:46,076] [WARNING] [aiogram.dispatcher] - Sleep for 5.071216 seconds and try again... (tryings = 579, bot id = 8715181010)
[2026-07-26 18:57:56,284] [ERROR] [aiogram.dispatcher] - Failed to fetch updates - TelegramConflictError: Telegram server says - Conflict: terminated by other getUpdates request; make sure that only one bot instance is running
[2026-07-26 18:57:56,284] [WARNING] [aiogram.dispatcher] - Sleep for 5.164709 seconds and try again... (tryings = 580, bot id = 8715181010)
[2026-07-26 18:58:06,527] [ERROR] [aiogram.dispatcher] - Failed to fetch updates - TelegramConflictError: Telegram server says - Conflict: terminated by other getUpdates request; make sure that only one bot instance is running
[2026-07-26 18:58:06,527] [WARNING] [aiogram.dispatcher] - Sleep for 4.952060 seconds and try again... (tryings = 581, bot id = 8715181010)
[2026-07-26 18:58:16,555] [ERROR] [aiogram.dispatcher] - Failed to fetch updates - TelegramConflictError: Telegram server says - Conflict: terminated by other getUpdates request; make sure that only one bot instance is running
[2026-07-26 18:58:16,555] [WARNING] [aiogram.dispatcher] - Sleep for 4.950306 seconds and try again... (tryings = 582, bot id = 8715181010)
[2026-07-26 18:58:26,419] [ERROR] [aiogram.dispatcher] - Failed to fetch updates - TelegramConflictError: Telegram server says - Conflict: terminated by other getUpdates request; make sure that only one bot instance is running
[2026-07-26 18:58:26,420] [WARNING] [aiogram.dispatcher] - Sleep for 4.947408 seconds and try again... (tryings = 583, bot id = 8715181010)
[2026-07-26 18:58:36,603] [ERROR] [aiogram.dispatcher] - Failed to fetch updates - TelegramConflictError: Telegram server says - Conflict: terminated by other getUpdates request; make sure that only one bot instance is running
[2026-07-26 18:58:36,603] [WARNING] [aiogram.dispatcher] - Sleep for 5.151928 seconds and try again... (tryings = 584, bot id = 8715181010)
[2026-07-26 18:58:46,891] [ERROR] [aiogram.dispatcher] - Failed to fetch updates - TelegramConflictError: Telegram server says - Conflict: terminated by other getUpdates request; make sure that only one bot instance is running
[2026-07-26 18:58:46,892] [WARNING] [aiogram.dispatcher] - Sleep for 4.827872 seconds and try again... (tryings = 585, bot id = 8715181010)
[2026-07-26 18:58:56,863] [ERROR] [aiogram.dispatcher] - Failed to fetch updates - TelegramConflictError: Telegram server says - Conflict: terminated by other getUpdates request; make sure that only one bot instance is running
[2026-07-26 18:58:56,864] [WARNING] [aiogram.dispatcher] - Sleep for 4.975487 seconds and try again... (tryings = 586, bot id = 8715181010)
[2026-07-26 18:59:06,737] [ERROR] [aiogram.dispatcher] - Failed to fetch updates - TelegramConflictError: Telegram server says - Conflict: terminated by other getUpdates request; make sure that only one bot instance is running
[2026-07-26 18:59:06,737] [WARNING] [aiogram.dispatcher] - Sleep for 4.894417 seconds and try again... (tryings = 587, bot id = 8715181010)
[2026-07-26 18:59:16,610] [ERROR] [aiogram.dispatcher] - Failed to fetch updates - TelegramConflictError: Telegram server says - Conflict: terminated by other getUpdates request; make sure that only one bot instance is running
[2026-07-26 18:59:16,611] [WARNING] [aiogram.dispatcher] - Sleep for 4.947052 seconds and try again... (tryings = 588, bot id = 8715181010)
[2026-07-26 18:59:26,706] [ERROR] [aiogram.dispatcher] - Failed to fetch updates - TelegramConflictError: Telegram server says - Conflict: terminated by other getUpdates request; make sure that only one bot instance is running
[2026-07-26 18:59:26,706] [WARNING] [aiogram.dispatcher] - Sleep for 5.100061 seconds and try again... (tryings = 589, bot id = 8715181010)
[2026-07-26 18:59:36,741] [ERROR] [aiogram.dispatcher] - Failed to fetch updates - TelegramConflictError: Telegram server says - Conflict: terminated by other getUpdates request; make sure that only one bot instance is running
[2026-07-26 18:59:36,741] [WARNING] [aiogram.dispatcher] - Sleep for 4.830075 seconds and try again... (tryings = 590, bot id = 8715181010)
[2026-07-26 18:59:46,719] [ERROR] [aiogram.dispatcher] - Failed to fetch updates - TelegramConflictError: Telegram server says - Conflict: terminated by other getUpdates request; make sure that only one bot instance is running
[2026-07-26 18:59:46,719] [WARNING] [aiogram.dispatcher] - Sleep for 5.128394 seconds and try again... (tryings = 591, bot id = 8715181010)
[2026-07-26 18:59:56,886] [ERROR] [aiogram.dispatcher] - Failed to fetch updates - TelegramConflictError: Telegram server says - Conflict: terminated by other getUpdates request; make sure that only one bot instance is running
[2026-07-26 18:59:56,887] [WARNING] [aiogram.dispatcher] - Sleep for 5.155462 seconds and try again... (tryings = 592, bot id = 8715181010)
[2026-07-26 19:00:07,056] [ERROR] [aiogram.dispatcher] - Failed to fetch updates - TelegramConflictError: Telegram server says - Conflict: terminated by other getUpdates request; make sure that only one bot instance is running
[2026-07-26 19:00:07,056] [WARNING] [aiogram.dispatcher] - Sleep for 5.057242 seconds and try again... (tryings = 593, bot id = 8715181010)
[2026-07-26 19:00:17,243] [ERROR] [aiogram.dispatcher] - Failed to fetch updates - TelegramConflictError: Telegram server says - Conflict: terminated by other getUpdates request; make sure that only one bot instance is running
[2026-07-26 19:00:17,244] [WARNING] [aiogram.dispatcher] - Sleep for 4.960523 seconds and try again... (tryings = 594, bot id = 8715181010)
[2026-07-26 19:00:27,155] [ERROR] [aiogram.dispatcher] - Failed to fetch updates - TelegramConflictError: Telegram server says - Conflict: terminated by other getUpdates request; make sure that only one bot instance is running
[2026-07-26 19:00:27,155] [WARNING] [aiogram.dispatcher] - Sleep for 4.901710 seconds and try again... (tryings = 595, bot id = 8715181010)
[2026-07-26 19:00:37,205] [ERROR] [aiogram.dispatcher] - Failed to fetch updates - TelegramConflictError: Telegram server says - Conflict: terminated by other getUpdates request; make sure that only one bot instance is running
[2026-07-26 19:00:37,207] [WARNING] [aiogram.dispatcher] - Sleep for 4.990654 seconds and try again... (tryings = 596, bot id = 8715181010)
[2026-07-26 19:00:47,270] [ERROR] [aiogram.dispatcher] - Failed to fetch updates - TelegramConflictError: Telegram server says - Conflict: terminated by other getUpdates request; make sure that only one bot instance is running
[2026-07-26 19:00:47,271] [WARNING] [aiogram.dispatcher] - Sleep for 4.917662 seconds and try again... (tryings = 597, bot id = 8715181010)
[2026-07-26 19:00:57,361] [ERROR] [aiogram.dispatcher] - Failed to fetch updates - TelegramConflictError: Telegram server says - Conflict: terminated by other getUpdates request; make sure that only one bot instance is running
[2026-07-26 19:00:57,361] [WARNING] [aiogram.dispatcher] - Sleep for 4.985704 seconds and try again... (tryings = 598, bot id = 8715181010)
[2026-07-26 19:01:07,362] [ERROR] [aiogram.dispatcher] - Failed to fetch updates - TelegramConflictError: Telegram server says - Conflict: terminated by other getUpdates request; make sure that only one bot instance is running
[2026-07-26 19:01:07,362] [WARNING] [aiogram.dispatcher] - Sleep for 5.110747 seconds and try again... (tryings = 599, bot id = 8715181010)
[2026-07-26 19:01:17,355] [ERROR] [aiogram.dispatcher] - Failed to fetch updates - TelegramConflictError: Telegram server says - Conflict: terminated by other getUpdates request; make sure that only one bot instance is running
[2026-07-26 19:01:17,355] [WARNING] [aiogram.dispatcher] - Sleep for 5.000023 seconds and try again... (tryings = 600, bot id = 8715181010)
[2026-07-26 19:01:27,267] [ERROR] [aiogram.dispatcher] - Failed to fetch updates - TelegramConflictError: Telegram server says - Conflict: terminated by other getUpdates request; make sure that only one bot instance is running
[2026-07-26 19:01:27,267] [WARNING] [aiogram.dispatcher] - Sleep for 4.820089 seconds and try again... (tryings = 601, bot id = 8715181010)
[2026-07-26 19:01:37,152] [ERROR] [aiogram.dispatcher] - Failed to fetch updates - TelegramConflictError: Telegram server says - Conflict: terminated by other getUpdates request; make sure that only one bot instance is running
[2026-07-26 19:01:37,153] [WARNING] [aiogram.dispatcher] - Sleep for 4.940125 seconds and try again... (tryings = 602, bot id = 8715181010)
[2026-07-26 19:01:47,189] [ERROR] [aiogram.dispatcher] - Failed to fetch updates - TelegramConflictError: Telegram server says - Conflict: terminated by other getUpdates request; make sure that only one bot instance is running
[2026-07-26 19:01:47,189] [WARNING] [aiogram.dispatcher] - Sleep for 5.066229 seconds and try again... (tryings = 603, bot id = 8715181010)
[2026-07-26 19:01:57,441] [ERROR] [aiogram.dispatcher] - Failed to fetch updates - TelegramConflictError: Telegram server says - Conflict: terminated by other getUpdates request; make sure that only one bot instance is running
[2026-07-26 19:01:57,441] [WARNING] [aiogram.dispatcher] - Sleep for 5.025535 seconds and try again... (tryings = 604, bot id = 8715181010)
[2026-07-26 19:02:07,461] [ERROR] [aiogram.dispatcher] - Failed to fetch updates - TelegramConflictError: Telegram server says - Conflict: terminated by other getUpdates request; make sure that only one bot instance is running
[2026-07-26 19:02:07,462] [WARNING] [aiogram.dispatcher] - Sleep for 5.007265 seconds and try again... (tryings = 605, bot id = 8715181010)
[2026-07-26 19:02:17,463] [ERROR] [aiogram.dispatcher] - Failed to fetch updates - TelegramConflictError: Telegram server says - Conflict: terminated by other getUpdates request; make sure that only one bot instance is running
[2026-07-26 19:02:17,464] [WARNING] [aiogram.dispatcher] - Sleep for 4.892477 seconds and try again... (tryings = 606, bot id = 8715181010)
[2026-07-26 19:02:27,420] [ERROR] [aiogram.dispatcher] - Failed to fetch updates - TelegramConflictError: Telegram server says - Conflict: terminated by other getUpdates request; make sure that only one bot instance is running
[2026-07-26 19:02:27,421] [WARNING] [aiogram.dispatcher] - Sleep for 5.078624 seconds and try again... (tryings = 607, bot id = 8715181010)
[2026-07-26 19:02:37,423] [ERROR] [aiogram.dispatcher] - Failed to fetch updates - TelegramConflictError: Telegram server says - Conflict: terminated by other getUpdates request; make sure that only one bot instance is running
[2026-07-26 19:02:37,423] [WARNING] [aiogram.dispatcher] - Sleep for 4.947940 seconds and try again... (tryings = 608, bot id = 8715181010)
[2026-07-26 19:02:47,487] [ERROR] [aiogram.dispatcher] - Failed to fetch updates - TelegramConflictError: Telegram server says - Conflict: terminated by other getUpdates request; make sure that only one bot instance is running
[2026-07-26 19:02:47,487] [WARNING] [aiogram.dispatcher] - Sleep for 4.879929 seconds and try again... (tryings = 609, bot id = 8715181010)
[2026-07-26 19:02:57,384] [ERROR] [aiogram.dispatcher] - Failed to fetch updates - TelegramConflictError: Telegram server says - Conflict: terminated by other getUpdates request; make sure that only one bot instance is running
[2026-07-26 19:02:57,384] [WARNING] [aiogram.dispatcher] - Sleep for 5.067980 seconds and try again... (tryings = 610, bot id = 8715181010)
[2026-07-26 19:03:07,547] [ERROR] [aiogram.dispatcher] - Failed to fetch updates - TelegramConflictError: Telegram server says - Conflict: terminated by other getUpdates request; make sure that only one bot instance is running
[2026-07-26 19:03:07,547] [WARNING] [aiogram.dispatcher] - Sleep for 4.978414 seconds and try again... (tryings = 611, bot id = 8715181010)
[2026-07-26 19:03:17,536] [ERROR] [aiogram.dispatcher] - Failed to fetch updates - TelegramConflictError: Telegram server says - Conflict: terminated by other getUpdates request; make sure that only one bot instance is running
[2026-07-26 19:03:17,538] [WARNING] [aiogram.dispatcher] - Sleep for 4.974505 seconds and try again... (tryings = 612, bot id = 8715181010)
[2026-07-26 19:03:27,660] [ERROR] [aiogram.dispatcher] - Failed to fetch updates - TelegramConflictError: Telegram server says - Conflict: terminated by other getUpdates request; make sure that only one bot instance is running
[2026-07-26 19:03:27,661] [WARNING] [aiogram.dispatcher] - Sleep for 5.046837 seconds and try again... (tryings = 613, bot id = 8715181010)
[2026-07-26 19:03:37,733] [ERROR] [aiogram.dispatcher] - Failed to fetch updates - TelegramConflictError: Telegram server says - Conflict: terminated by other getUpdates request; make sure that only one bot instance is running
[2026-07-26 19:03:37,733] [WARNING] [aiogram.dispatcher] - Sleep for 4.963250 seconds and try again... (tryings = 614, bot id = 8715181010)
[2026-07-26 19:03:47,841] [ERROR] [aiogram.dispatcher] - Failed to fetch updates - TelegramConflictError: Telegram server says - Conflict: terminated by other getUpdates request; make sure that only one bot instance is running
[2026-07-26 19:03:47,841] [WARNING] [aiogram.dispatcher] - Sleep for 4.986352 seconds and try again... (tryings = 615, bot id = 8715181010)
[2026-07-26 19:03:57,923] [ERROR] [aiogram.dispatcher] - Failed to fetch updates - TelegramConflictError: Telegram server says - Conflict: terminated by other getUpdates request; make sure that only one bot instance is running
[2026-07-26 19:03:57,923] [WARNING] [aiogram.dispatcher] - Sleep for 5.006093 seconds and try again... (tryings = 616, bot id = 8715181010)
[2026-07-26 19:04:07,928] [ERROR] [aiogram.dispatcher] - Failed to fetch updates - TelegramConflictError: Telegram server says - Conflict: terminated by other getUpdates request; make sure that only one bot instance is running
[2026-07-26 19:04:07,929] [WARNING] [aiogram.dispatcher] - Sleep for 5.098659 seconds and try again... (tryings = 617, bot id = 8715181010)
[2026-07-26 19:04:18,216] [ERROR] [aiogram.dispatcher] - Failed to fetch updates - TelegramConflictError: Telegram server says - Conflict: terminated by other getUpdates request; make sure that only one bot instance is running
[2026-07-26 19:04:18,216] [WARNING] [aiogram.dispatcher] - Sleep for 4.914690 seconds and try again... (tryings = 618, bot id = 8715181010)
[2026-07-26 19:04:28,017] [ERROR] [aiogram.dispatcher] - Failed to fetch updates - TelegramConflictError: Telegram server says - Conflict: terminated by other getUpdates request; make sure that only one bot instance is running
[2026-07-26 19:04:28,017] [WARNING] [aiogram.dispatcher] - Sleep for 5.016686 seconds and try again... (tryings = 619, bot id = 8715181010)
[2026-07-26 19:04:38,176] [ERROR] [aiogram.dispatcher] - Failed to fetch updates - TelegramConflictError: Telegram server says - Conflict: terminated by other getUpdates request; make sure that only one bot instance is running
[2026-07-26 19:04:38,176] [WARNING] [aiogram.dispatcher] - Sleep for 4.920518 seconds and try again... (tryings = 620, bot id = 8715181010)
[2026-07-26 19:04:48,269] [ERROR] [aiogram.dispatcher] - Failed to fetch updates - TelegramConflictError: Telegram server says - Conflict: terminated by other getUpdates request; make sure that only one bot instance is running
[2026-07-26 19:04:48,269] [WARNING] [aiogram.dispatcher] - Sleep for 5.082218 seconds and try again... (tryings = 621, bot id = 8715181010)
[2026-07-26 19:04:58,472] [ERROR] [aiogram.dispatcher] - Failed to fetch updates - TelegramConflictError: Telegram server says - Conflict: terminated by other getUpdates request; make sure that only one bot instance is running
[2026-07-26 19:04:58,473] [WARNING] [aiogram.dispatcher] - Sleep for 4.833811 seconds and try again... (tryings = 622, bot id = 8715181010)
[2026-07-26 19:05:08,383] [ERROR] [aiogram.dispatcher] - Failed to fetch updates - TelegramConflictError: Telegram server says - Conflict: terminated by other getUpdates request; make sure that only one bot instance is running
[2026-07-26 19:05:08,384] [WARNING] [aiogram.dispatcher] - Sleep for 4.869380 seconds and try again... (tryings = 623, bot id = 8715181010)
[2026-07-26 19:05:18,660] [ERROR] [aiogram.dispatcher] - Failed to fetch updates - TelegramConflictError: Telegram server says - Conflict: terminated by other getUpdates request; make sure that only one bot instance is running
[2026-07-26 19:05:18,660] [WARNING] [aiogram.dispatcher] - Sleep for 5.029707 seconds and try again... (tryings = 624, bot id = 8715181010)
[2026-07-26 19:05:28,726] [ERROR] [aiogram.dispatcher] - Failed to fetch updates - TelegramConflictError: Telegram server says - Conflict: terminated by other getUpdates request; make sure that only one bot instance is running
[2026-07-26 19:05:28,726] [WARNING] [aiogram.dispatcher] - Sleep for 4.864688 seconds and try again... (tryings = 625, bot id = 8715181010)
[2026-07-26 19:05:38,522] [ERROR] [aiogram.dispatcher] - Failed to fetch updates - TelegramConflictError: Telegram server says - Conflict: terminated by other getUpdates request; make sure that only one bot instance is running
[2026-07-26 19:05:38,523] [WARNING] [aiogram.dispatcher] - Sleep for 4.985475 seconds and try again... (tryings = 626, bot id = 8715181010)
[2026-07-26 19:05:48,517] [ERROR] [aiogram.dispatcher] - Failed to fetch updates - TelegramConflictError: Telegram server says - Conflict: terminated by other getUpdates request; make sure that only one bot instance is running
[2026-07-26 19:05:48,517] [WARNING] [aiogram.dispatcher] - Sleep for 4.987091 seconds and try again... (tryings = 627, bot id = 8715181010)
[2026-07-26 19:05:58,560] [ERROR] [aiogram.dispatcher] - Failed to fetch updates - TelegramConflictError: Telegram server says - Conflict: terminated by other getUpdates request; make sure that only one bot instance is running
[2026-07-26 19:05:58,561] [WARNING] [aiogram.dispatcher] - Sleep for 5.088982 seconds and try again... (tryings = 628, bot id = 8715181010)
[2026-07-26 19:06:08,816] [ERROR] [aiogram.dispatcher] - Failed to fetch updates - TelegramConflictError: Telegram server says - Conflict: terminated by other getUpdates request; make sure that only one bot instance is running
[2026-07-26 19:06:08,816] [WARNING] [aiogram.dispatcher] - Sleep for 4.911975 seconds and try again... (tryings = 629, bot id = 8715181010)
[2026-07-26 19:06:18,737] [ERROR] [aiogram.dispatcher] - Failed to fetch updates - TelegramConflictError: Telegram server says - Conflict: terminated by other getUpdates request; make sure that only one bot instance is running
[2026-07-26 19:06:18,737] [WARNING] [aiogram.dispatcher] - Sleep for 4.951672 seconds and try again... (tryings = 630, bot id = 8715181010)
[2026-07-26 19:06:28,682] [ERROR] [aiogram.dispatcher] - Failed to fetch updates - TelegramConflictError: Telegram server says - Conflict: terminated by other getUpdates request; make sure that only one bot instance is running
[2026-07-26 19:06:28,682] [WARNING] [aiogram.dispatcher] - Sleep for 4.994413 seconds and try again... (tryings = 631, bot id = 8715181010)
[2026-07-26 19:06:38,708] [ERROR] [aiogram.dispatcher] - Failed to fetch updates - TelegramConflictError: Telegram server says - Conflict: terminated by other getUpdates request; make sure that only one bot instance is running
[2026-07-26 19:06:38,708] [WARNING] [aiogram.dispatcher] - Sleep for 5.145480 seconds and try again... (tryings = 632, bot id = 8715181010)
[2026-07-26 19:06:48,862] [ERROR] [aiogram.dispatcher] - Failed to fetch updates - TelegramConflictError: Telegram server says - Conflict: terminated by other getUpdates request; make sure that only one bot instance is running
[2026-07-26 19:06:48,862] [WARNING] [aiogram.dispatcher] - Sleep for 4.845948 seconds and try again... (tryings = 633, bot id = 8715181010)
[2026-07-26 19:06:58,804] [ERROR] [aiogram.dispatcher] - Failed to fetch updates - TelegramConflictError: Telegram server says - Conflict: terminated by other getUpdates request; make sure that only one bot instance is running
[2026-07-26 19:06:58,804] [WARNING] [aiogram.dispatcher] - Sleep for 4.822220 seconds and try again... (tryings = 634, bot id = 8715181010)
[2026-07-26 19:07:08,825] [ERROR] [aiogram.dispatcher] - Failed to fetch updates - TelegramConflictError: Telegram server says - Conflict: terminated by other getUpdates request; make sure that only one bot instance is running
[2026-07-26 19:07:08,825] [WARNING] [aiogram.dispatcher] - Sleep for 4.855783 seconds and try again... (tryings = 635, bot id = 8715181010)
[2026-07-26 19:07:18,710] [ERROR] [aiogram.dispatcher] - Failed to fetch updates - TelegramConflictError: Telegram server says - Conflict: terminated by other getUpdates request; make sure that only one bot instance is running
[2026-07-26 19:07:18,710] [WARNING] [aiogram.dispatcher] - Sleep for 4.949813 seconds and try again... (tryings = 636, bot id = 8715181010)
[2026-07-26 19:07:28,637] [ERROR] [aiogram.dispatcher] - Failed to fetch updates - TelegramConflictError: Telegram server says - Conflict: terminated by other getUpdates request; make sure that only one bot instance is running
[2026-07-26 19:07:28,637] [WARNING] [aiogram.dispatcher] - Sleep for 4.786353 seconds and try again... (tryings = 637, bot id = 8715181010)
[2026-07-26 19:07:38,716] [ERROR] [aiogram.dispatcher] - Failed to fetch updates - TelegramConflictError: Telegram server says - Conflict: terminated by other getUpdates request; make sure that only one bot instance is running
[2026-07-26 19:07:38,716] [WARNING] [aiogram.dispatcher] - Sleep for 5.021515 seconds and try again... (tryings = 638, bot id = 8715181010)
[2026-07-26 19:07:48,628] [ERROR] [aiogram.dispatcher] - Failed to fetch updates - TelegramConflictError: Telegram server says - Conflict: terminated by other getUpdates request; make sure that only one bot instance is running
[2026-07-26 19:07:48,628] [WARNING] [aiogram.dispatcher] - Sleep for 4.940607 seconds and try again... (tryings = 639, bot id = 8715181010)
[2026-07-26 19:07:58,658] [ERROR] [aiogram.dispatcher] - Failed to fetch updates - TelegramConflictError: Telegram server says - Conflict: terminated by other getUpdates request; make sure that only one bot instance is running
[2026-07-26 19:07:58,658] [WARNING] [aiogram.dispatcher] - Sleep for 5.051945 seconds and try again... (tryings = 640, bot id = 8715181010)
[2026-07-26 19:08:08,592] [ERROR] [aiogram.dispatcher] - Failed to fetch updates - TelegramConflictError: Telegram server says - Conflict: terminated by other getUpdates request; make sure that only one bot instance is running
[2026-07-26 19:08:08,593] [WARNING] [aiogram.dispatcher] - Sleep for 4.940628 seconds and try again... (tryings = 641, bot id = 8715181010)
[2026-07-26 19:08:18,673] [ERROR] [aiogram.dispatcher] - Failed to fetch updates - TelegramConflictError: Telegram server says - Conflict: terminated by other getUpdates request; make sure that only one bot instance is running
[2026-07-26 19:08:18,674] [WARNING] [aiogram.dispatcher] - Sleep for 4.968976 seconds and try again... (tryings = 642, bot id = 8715181010)
[2026-07-26 19:08:28,667] [ERROR] [aiogram.dispatcher] - Failed to fetch updates - TelegramConflictError: Telegram server says - Conflict: terminated by other getUpdates request; make sure that only one bot instance is running
[2026-07-26 19:08:28,667] [WARNING] [aiogram.dispatcher] - Sleep for 4.977378 seconds and try again... (tryings = 643, bot id = 8715181010)
[2026-07-26 19:08:38,758] [ERROR] [aiogram.dispatcher] - Failed to fetch updates - TelegramConflictError: Telegram server says - Conflict: terminated by other getUpdates request; make sure that only one bot instance is running
[2026-07-26 19:08:38,758] [WARNING] [aiogram.dispatcher] - Sleep for 4.935088 seconds and try again... (tryings = 644, bot id = 8715181010)
[2026-07-26 19:08:48,763] [ERROR] [aiogram.dispatcher] - Failed to fetch updates - TelegramConflictError: Telegram server says - Conflict: terminated by other getUpdates request; make sure that only one bot instance is running
[2026-07-26 19:08:48,763] [WARNING] [aiogram.dispatcher] - Sleep for 4.926406 seconds and try again... (tryings = 645, bot id = 8715181010)
[2026-07-26 19:08:58,674] [ERROR] [aiogram.dispatcher] - Failed to fetch updates - TelegramConflictError: Telegram server says - Conflict: terminated by other getUpdates request; make sure that only one bot instance is running
[2026-07-26 19:08:58,674] [WARNING] [aiogram.dispatcher] - Sleep for 5.048968 seconds and try again... (tryings = 646, bot id = 8715181010)
[2026-07-26 19:09:08,718] [ERROR] [aiogram.dispatcher] - Failed to fetch updates - TelegramConflictError: Telegram server says - Conflict: terminated by other getUpdates request; make sure that only one bot instance is running
[2026-07-26 19:09:08,718] [WARNING] [aiogram.dispatcher] - Sleep for 5.081390 seconds and try again... (tryings = 647, bot id = 8715181010)
[2026-07-26 19:09:18,803] [ERROR] [aiogram.dispatcher] - Failed to fetch updates - TelegramConflictError: Telegram server says - Conflict: terminated by other getUpdates request; make sure that only one bot instance is running
[2026-07-26 19:09:18,803] [WARNING] [aiogram.dispatcher] - Sleep for 4.849502 seconds and try again... (tryings = 648, bot id = 8715181010)
[2026-07-26 19:09:28,578] [ERROR] [aiogram.dispatcher] - Failed to fetch updates - TelegramConflictError: Telegram server says - Conflict: terminated by other getUpdates request; make sure that only one bot instance is running
[2026-07-26 19:09:28,579] [WARNING] [aiogram.dispatcher] - Sleep for 4.918996 seconds and try again... (tryings = 649, bot id = 8715181010)
[2026-07-26 19:09:38,480] [ERROR] [aiogram.dispatcher] - Failed to fetch updates - TelegramConflictError: Telegram server says - Conflict: terminated by other getUpdates request; make sure that only one bot instance is running
[2026-07-26 19:09:38,481] [WARNING] [aiogram.dispatcher] - Sleep for 4.937608 seconds and try again... (tryings = 650, bot id = 8715181010)
[2026-07-26 19:09:48,232] [ERROR] [aiogram.dispatcher] - Failed to fetch updates - TelegramConflictError: Telegram server says - Conflict: terminated by other getUpdates request; make sure that only one bot instance is running
[2026-07-26 19:09:48,233] [WARNING] [aiogram.dispatcher] - Sleep for 4.947330 seconds and try again... (tryings = 651, bot id = 8715181010)
[2026-07-26 19:09:58,155] [ERROR] [aiogram.dispatcher] - Failed to fetch updates - TelegramConflictError: Telegram server says - Conflict: terminated by other getUpdates request; make sure that only one bot instance is running
[2026-07-26 19:09:58,155] [WARNING] [aiogram.dispatcher] - Sleep for 5.038073 seconds and try again... (tryings = 652, bot id = 8715181010)
[2026-07-26 19:10:08,444] [ERROR] [aiogram.dispatcher] - Failed to fetch updates - TelegramConflictError: Telegram server says - Conflict: terminated by other getUpdates request; make sure that only one bot instance is running
[2026-07-26 19:10:08,444] [WARNING] [aiogram.dispatcher] - Sleep for 5.062421 seconds and try again... (tryings = 653, bot id = 8715181010)
[2026-07-26 19:10:18,414] [ERROR] [aiogram.dispatcher] - Failed to fetch updates - TelegramConflictError: Telegram server says - Conflict: terminated by other getUpdates request; make sure that only one bot instance is running
[2026-07-26 19:10:18,415] [WARNING] [aiogram.dispatcher] - Sleep for 4.929830 seconds and try again... (tryings = 654, bot id = 8715181010)
[2026-07-26 19:10:28,215] [ERROR] [aiogram.dispatcher] - Failed to fetch updates - TelegramConflictError: Telegram server says - Conflict: terminated by other getUpdates request; make sure that only one bot instance is running
[2026-07-26 19:10:28,215] [WARNING] [aiogram.dispatcher] - Sleep for 5.134161 seconds and try again... (tryings = 655, bot id = 8715181010)
[2026-07-26 19:10:38,367] [ERROR] [aiogram.dispatcher] - Failed to fetch updates - TelegramConflictError: Telegram server says - Conflict: terminated by other getUpdates request; make sure that only one bot instance is running
[2026-07-26 19:10:38,368] [WARNING] [aiogram.dispatcher] - Sleep for 4.859476 seconds and try again... (tryings = 656, bot id = 8715181010)
[2026-07-26 19:10:48,281] [ERROR] [aiogram.dispatcher] - Failed to fetch updates - TelegramConflictError: Telegram server says - Conflict: terminated by other getUpdates request; make sure that only one bot instance is running
[2026-07-26 19:10:48,281] [WARNING] [aiogram.dispatcher] - Sleep for 4.940335 seconds and try again... (tryings = 657, bot id = 8715181010)
[2026-07-26 19:10:58,294] [ERROR] [aiogram.dispatcher] - Failed to fetch updates - TelegramConflictError: Telegram server says - Conflict: terminated by other getUpdates request; make sure that only one bot instance is running
[2026-07-26 19:10:58,295] [WARNING] [aiogram.dispatcher] - Sleep for 5.113895 seconds and try again... (tryings = 658, bot id = 8715181010)
[2026-07-26 19:11:08,595] [ERROR] [aiogram.dispatcher] - Failed to fetch updates - TelegramConflictError: Telegram server says - Conflict: terminated by other getUpdates request; make sure that only one bot instance is running
[2026-07-26 19:11:08,596] [WARNING] [aiogram.dispatcher] - Sleep for 4.966315 seconds and try again... (tryings = 659, bot id = 8715181010)
[2026-07-26 19:11:18,750] [ERROR] [aiogram.dispatcher] - Failed to fetch updates - TelegramConflictError: Telegram server says - Conflict: terminated by other getUpdates request; make sure that only one bot instance is running
[2026-07-26 19:11:18,750] [WARNING] [aiogram.dispatcher] - Sleep for 5.162324 seconds and try again... (tryings = 660, bot id = 8715181010)
[2026-07-26 19:11:29,031] [ERROR] [aiogram.dispatcher] - Failed to fetch updates - TelegramConflictError: Telegram server says - Conflict: terminated by other getUpdates request; make sure that only one bot instance is running
[2026-07-26 19:11:29,032] [WARNING] [aiogram.dispatcher] - Sleep for 4.854510 seconds and try again... (tryings = 661, bot id = 8715181010)
[2026-07-26 19:11:39,118] [ERROR] [aiogram.dispatcher] - Failed to fetch updates - TelegramConflictError: Telegram server says - Conflict: terminated by other getUpdates request; make sure that only one bot instance is running
[2026-07-26 19:11:39,119] [WARNING] [aiogram.dispatcher] - Sleep for 5.051439 seconds and try again... (tryings = 662, bot id = 8715181010)
[2026-07-26 19:11:49,121] [ERROR] [aiogram.dispatcher] - Failed to fetch updates - TelegramConflictError: Telegram server says - Conflict: terminated by other getUpdates request; make sure that only one bot instance is running
[2026-07-26 19:11:49,122] [WARNING] [aiogram.dispatcher] - Sleep for 5.078098 seconds and try again... (tryings = 663, bot id = 8715181010)
[2026-07-26 19:11:59,342] [ERROR] [aiogram.dispatcher] - Failed to fetch updates - TelegramConflictError: Telegram server says - Conflict: terminated by other getUpdates request; make sure that only one bot instance is running
[2026-07-26 19:11:59,342] [WARNING] [aiogram.dispatcher] - Sleep for 5.033301 seconds and try again... (tryings = 664, bot id = 8715181010)
[2026-07-26 19:12:09,491] [ERROR] [aiogram.dispatcher] - Failed to fetch updates - TelegramConflictError: Telegram server says - Conflict: terminated by other getUpdates request; make sure that only one bot instance is running
[2026-07-26 19:12:09,492] [WARNING] [aiogram.dispatcher] - Sleep for 5.176613 seconds and try again... (tryings = 665, bot id = 8715181010)
[2026-07-26 19:12:19,545] [ERROR] [aiogram.dispatcher] - Failed to fetch updates - TelegramConflictError: Telegram server says - Conflict: terminated by other getUpdates request; make sure that only one bot instance is running
[2026-07-26 19:12:19,545] [WARNING] [aiogram.dispatcher] - Sleep for 5.097980 seconds and try again... (tryings = 666, bot id = 8715181010)
[2026-07-26 19:12:29,613] [ERROR] [aiogram.dispatcher] - Failed to fetch updates - TelegramConflictError: Telegram server says - Conflict: terminated by other getUpdates request; make sure that only one bot instance is running
[2026-07-26 19:12:29,613] [WARNING] [aiogram.dispatcher] - Sleep for 5.203130 seconds and try again... (tryings = 667, bot id = 8715181010)
[2026-07-26 19:12:39,959] [ERROR] [aiogram.dispatcher] - Failed to fetch updates - TelegramConflictError: Telegram server says - Conflict: terminated by other getUpdates request; make sure that only one bot instance is running
[2026-07-26 19:12:39,959] [WARNING] [aiogram.dispatcher] - Sleep for 5.041260 seconds and try again... (tryings = 668, bot id = 8715181010)
[2026-07-26 19:12:50,031] [ERROR] [aiogram.dispatcher] - Failed to fetch updates - TelegramConflictError: Telegram server says - Conflict: terminated by other getUpdates request; make sure that only one bot instance is running
[2026-07-26 19:12:50,031] [WARNING] [aiogram.dispatcher] - Sleep for 5.064336 seconds and try again... (tryings = 669, bot id = 8715181010)
[2026-07-26 19:13:00,174] [ERROR] [aiogram.dispatcher] - Failed to fetch updates - TelegramConflictError: Telegram server says - Conflict: terminated by other getUpdates request; make sure that only one bot instance is running
[2026-07-26 19:13:00,175] [WARNING] [aiogram.dispatcher] - Sleep for 5.220377 seconds and try again... (tryings = 670, bot id = 8715181010)
[2026-07-26 19:13:10,311] [ERROR] [aiogram.dispatcher] - Failed to fetch updates - TelegramConflictError: Telegram server says - Conflict: terminated by other getUpdates request; make sure that only one bot instance is running
[2026-07-26 19:13:10,312] [WARNING] [aiogram.dispatcher] - Sleep for 4.923678 seconds and try again... (tryings = 671, bot id = 8715181010)
[2026-07-26 19:13:20,264] [ERROR] [aiogram.dispatcher] - Failed to fetch updates - TelegramConflictError: Telegram server says - Conflict: terminated by other getUpdates request; make sure that only one bot instance is running
[2026-07-26 19:13:20,264] [WARNING] [aiogram.dispatcher] - Sleep for 4.835665 seconds and try again... (tryings = 672, bot id = 8715181010)
[2026-07-26 19:13:30,210] [ERROR] [aiogram.dispatcher] - Failed to fetch updates - TelegramConflictError: Telegram server says - Conflict: terminated by other getUpdates request; make sure that only one bot instance is running
[2026-07-26 19:13:30,211] [WARNING] [aiogram.dispatcher] - Sleep for 4.924686 seconds and try again... (tryings = 673, bot id = 8715181010)
[2026-07-26 19:13:40,171] [ERROR] [aiogram.dispatcher] - Failed to fetch updates - TelegramConflictError: Telegram server says - Conflict: terminated by other getUpdates request; make sure that only one bot instance is running
[2026-07-26 19:13:40,171] [WARNING] [aiogram.dispatcher] - Sleep for 5.060853 seconds and try again... (tryings = 674, bot id = 8715181010)
[2026-07-26 19:13:50,328] [ERROR] [aiogram.dispatcher] - Failed to fetch updates - TelegramConflictError: Telegram server says - Conflict: terminated by other getUpdates request; make sure that only one bot instance is running
[2026-07-26 19:13:50,328] [WARNING] [aiogram.dispatcher] - Sleep for 5.006494 seconds and try again... (tryings = 675, bot id = 8715181010)
[2026-07-26 19:14:00,472] [ERROR] [aiogram.dispatcher] - Failed to fetch updates - TelegramConflictError: Telegram server says - Conflict: terminated by other getUpdates request; make sure that only one bot instance is running
[2026-07-26 19:14:00,473] [WARNING] [aiogram.dispatcher] - Sleep for 5.108082 seconds and try again... (tryings = 676, bot id = 8715181010)
[2026-07-26 19:14:10,685] [ERROR] [aiogram.dispatcher] - Failed to fetch updates - TelegramConflictError: Telegram server says - Conflict: terminated by other getUpdates request; make sure that only one bot instance is running
[2026-07-26 19:14:10,685] [WARNING] [aiogram.dispatcher] - Sleep for 5.060613 seconds and try again... (tryings = 677, bot id = 8715181010)
[2026-07-26 19:14:20,896] [ERROR] [aiogram.dispatcher] - Failed to fetch updates - TelegramConflictError: Telegram server says - Conflict: terminated by other getUpdates request; make sure that only one bot instance is running
[2026-07-26 19:14:20,896] [WARNING] [aiogram.dispatcher] - Sleep for 5.076132 seconds and try again... (tryings = 678, bot id = 8715181010)
[2026-07-26 19:14:30,972] [ERROR] [aiogram.dispatcher] - Failed to fetch updates - TelegramConflictError: Telegram server says - Conflict: terminated by other getUpdates request; make sure that only one bot instance is running
[2026-07-26 19:14:30,973] [WARNING] [aiogram.dispatcher] - Sleep for 4.965775 seconds and try again... (tryings = 679, bot id = 8715181010)
[2026-07-26 19:14:41,015] [ERROR] [aiogram.dispatcher] - Failed to fetch updates - TelegramConflictError: Telegram server says - Conflict: terminated by other getUpdates request; make sure that only one bot instance is running
[2026-07-26 19:14:41,015] [WARNING] [aiogram.dispatcher] - Sleep for 5.003012 seconds and try again... (tryings = 680, bot id = 8715181010)
[2026-07-26 19:14:51,054] [ERROR] [aiogram.dispatcher] - Failed to fetch updates - TelegramConflictError: Telegram server says - Conflict: terminated by other getUpdates request; make sure that only one bot instance is running
[2026-07-26 19:14:51,054] [WARNING] [aiogram.dispatcher] - Sleep for 4.960115 seconds and try again... (tryings = 681, bot id = 8715181010)
[2026-07-26 19:15:01,080] [ERROR] [aiogram.dispatcher] - Failed to fetch updates - TelegramConflictError: Telegram server says - Conflict: terminated by other getUpdates request; make sure that only one bot instance is running
[2026-07-26 19:15:01,081] [WARNING] [aiogram.dispatcher] - Sleep for 5.001939 seconds and try again... (tryings = 682, bot id = 8715181010)
[2026-07-26 19:15:11,121] [ERROR] [aiogram.dispatcher] - Failed to fetch updates - TelegramConflictError: Telegram server says - Conflict: terminated by other getUpdates request; make sure that only one bot instance is running
[2026-07-26 19:15:11,122] [WARNING] [aiogram.dispatcher] - Sleep for 4.886472 seconds and try again... (tryings = 683, bot id = 8715181010)
[2026-07-26 19:15:21,226] [ERROR] [aiogram.dispatcher] - Failed to fetch updates - TelegramConflictError: Telegram server says - Conflict: terminated by other getUpdates request; make sure that only one bot instance is running
[2026-07-26 19:15:21,226] [WARNING] [aiogram.dispatcher] - Sleep for 5.004468 seconds and try again... (tryings = 684, bot id = 8715181010)
[2026-07-26 19:15:31,177] [ERROR] [aiogram.dispatcher] - Failed to fetch updates - TelegramConflictError: Telegram server says - Conflict: terminated by other getUpdates request; make sure that only one bot instance is running
[2026-07-26 19:15:31,177] [WARNING] [aiogram.dispatcher] - Sleep for 5.011366 seconds and try again... (tryings = 685, bot id = 8715181010)
[2026-07-26 19:15:41,167] [ERROR] [aiogram.dispatcher] - Failed to fetch updates - TelegramConflictError: Telegram server says - Conflict: terminated by other getUpdates request; make sure that only one bot instance is running
[2026-07-26 19:15:41,167] [WARNING] [aiogram.dispatcher] - Sleep for 5.087143 seconds and try again... (tryings = 686, bot id = 8715181010)
[2026-07-26 19:15:51,366] [ERROR] [aiogram.dispatcher] - Failed to fetch updates - TelegramConflictError: Telegram server says - Conflict: terminated by other getUpdates request; make sure that only one bot instance is running
[2026-07-26 19:15:51,367] [WARNING] [aiogram.dispatcher] - Sleep for 4.982288 seconds and try again... (tryings = 687, bot id = 8715181010)
[2026-07-26 19:16:01,385] [ERROR] [aiogram.dispatcher] - Failed to fetch updates - TelegramConflictError: Telegram server says - Conflict: terminated by other getUpdates request; make sure that only one bot instance is running
[2026-07-26 19:16:01,385] [WARNING] [aiogram.dispatcher] - Sleep for 5.074611 seconds and try again... (tryings = 688, bot id = 8715181010)
[2026-07-26 19:16:11,330] [ERROR] [aiogram.dispatcher] - Failed to fetch updates - TelegramConflictError: Telegram server says - Conflict: terminated by other getUpdates request; make sure that only one bot instance is running
[2026-07-26 19:16:11,330] [WARNING] [aiogram.dispatcher] - Sleep for 4.920414 seconds and try again... (tryings = 689, bot id = 8715181010)
[2026-07-26 19:16:21,452] [ERROR] [aiogram.dispatcher] - Failed to fetch updates - TelegramConflictError: Telegram server says - Conflict: terminated by other getUpdates request; make sure that only one bot instance is running
[2026-07-26 19:16:21,453] [WARNING] [aiogram.dispatcher] - Sleep for 4.712395 seconds and try again... (tryings = 690, bot id = 8715181010)
[2026-07-26 19:16:31,240] [ERROR] [aiogram.dispatcher] - Failed to fetch updates - TelegramConflictError: Telegram server says - Conflict: terminated by other getUpdates request; make sure that only one bot instance is running
[2026-07-26 19:16:31,241] [WARNING] [aiogram.dispatcher] - Sleep for 4.889129 seconds and try again... (tryings = 691, bot id = 8715181010)
[2026-07-26 19:16:32,639] [INFO] [bot.services.scheduler] - 🔁 materialize_subscription_state: проход по 6 ключам
[2026-07-26 19:16:32,763] [INFO] [bot.services.panels.xui] - Обновлён клиент user_DerAndrey_1d544 через clients API: expiry=2026-07-28 17:19, limit=1000.0 ГБ, enable=True
[2026-07-26 19:16:32,790] [INFO] [bot.services.panels.xui] - Обновлён клиент user_Godmajik_a6ec1 через clients API: expiry=2026-07-29 08:07, limit=1000.0 ГБ, enable=True
[2026-07-26 19:16:32,818] [INFO] [bot.services.panels.xui] - Обновлён клиент user_Aleksei_Mezentcev_4cf71 через clients API: expiry=2026-07-29 09:51, limit=1000.0 ГБ, enable=True
[2026-07-26 19:16:32,848] [INFO] [bot.services.panels.xui] - Обновлён клиент user_alena_samovolnikova_696a3 через clients API: expiry=2026-08-01 17:16, limit=1000.0 ГБ, enable=True
[2026-07-26 19:16:32,878] [INFO] [bot.services.panels.xui] - Обновлён клиент user_deilja_70301 через clients API: expiry=2026-08-19 21:29, limit=1000.0 ГБ, enable=True
[2026-07-26 19:16:32,915] [INFO] [bot.services.panels.xui] - Обновлён клиент user_1670537525_642a6 через clients API: expiry=2026-07-27 06:15, limit=100.0 ГБ, enable=True
[2026-07-26 19:16:32,915] [INFO] [bot.services.scheduler] - 🔁 materialize_subscription_state завершён: {'created': 0, 'deleted': 0, 'updated': 6, 'enabled': 0, 'disabled': 0, 'reset': 0, 'skipped': 12, 'errors': 0}
[2026-07-26 19:16:41,126] [ERROR] [aiogram.dispatcher] - Failed to fetch updates - TelegramConflictError: Telegram server says - Conflict: terminated by other getUpdates request; make sure that only one bot instance is running
[2026-07-26 19:16:41,127] [WARNING] [aiogram.dispatcher] - Sleep for 4.885890 seconds and try again... (tryings = 692, bot id = 8715181010)
[2026-07-26 19:16:51,104] [ERROR] [aiogram.dispatcher] - Failed to fetch updates - TelegramConflictError: Telegram server says - Conflict: terminated by other getUpdates request; make sure that only one bot instance is running
[2026-07-26 19:16:51,104] [WARNING] [aiogram.dispatcher] - Sleep for 5.027985 seconds and try again... (tryings = 693, bot id = 8715181010)
[2026-07-26 19:17:01,223] [ERROR] [aiogram.dispatcher] - Failed to fetch updates - TelegramConflictError: Telegram server says - Conflict: terminated by other getUpdates request; make sure that only one bot instance is running
[2026-07-26 19:17:01,224] [WARNING] [aiogram.dispatcher] - Sleep for 5.136625 seconds and try again... (tryings = 694, bot id = 8715181010)
[2026-07-26 19:17:11,611] [ERROR] [aiogram.dispatcher] - Failed to fetch updates - TelegramConflictError: Telegram server says - Conflict: terminated by other getUpdates request; make sure that only one bot instance is running
[2026-07-26 19:17:11,611] [WARNING] [aiogram.dispatcher] - Sleep for 4.875935 seconds and try again... (tryings = 695, bot id = 8715181010)
[2026-07-26 19:17:21,470] [ERROR] [aiogram.dispatcher] - Failed to fetch updates - TelegramConflictError: Telegram server says - Conflict: terminated by other getUpdates request; make sure that only one bot instance is running
[2026-07-26 19:17:21,470] [WARNING] [aiogram.dispatcher] - Sleep for 5.063442 seconds and try again... (tryings = 696, bot id = 8715181010)
[2026-07-26 19:17:31,694] [ERROR] [aiogram.dispatcher] - Failed to fetch updates - TelegramConflictError: Telegram server says - Conflict: terminated by other getUpdates request; make sure that only one bot instance is running
[2026-07-26 19:17:31,694] [WARNING] [aiogram.dispatcher] - Sleep for 4.999646 seconds and try again... (tryings = 697, bot id = 8715181010)
[2026-07-26 19:17:41,842] [ERROR] [aiogram.dispatcher] - Failed to fetch updates - TelegramConflictError: Telegram server says - Conflict: terminated by other getUpdates request; make sure that only one bot instance is running
[2026-07-26 19:17:41,842] [WARNING] [aiogram.dispatcher] - Sleep for 5.211232 seconds and try again... (tryings = 698, bot id = 8715181010)
[2026-07-26 19:17:52,056] [ERROR] [aiogram.dispatcher] - Failed to fetch updates - TelegramConflictError: Telegram server says - Conflict: terminated by other getUpdates request; make sure that only one bot instance is running
[2026-07-26 19:17:52,056] [WARNING] [aiogram.dispatcher] - Sleep for 5.213322 seconds and try again... (tryings = 699, bot id = 8715181010)
[2026-07-26 19:18:02,223] [ERROR] [aiogram.dispatcher] - Failed to fetch updates - TelegramConflictError: Telegram server says - Conflict: terminated by other getUpdates request; make sure that only one bot instance is running
[2026-07-26 19:18:02,223] [WARNING] [aiogram.dispatcher] - Sleep for 4.927544 seconds and try again... (tryings = 700, bot id = 8715181010)
[2026-07-26 19:18:12,309] [ERROR] [aiogram.dispatcher] - Failed to fetch updates - TelegramConflictError: Telegram server says - Conflict: terminated by other getUpdates request; make sure that only one bot instance is running
[2026-07-26 19:18:12,309] [WARNING] [aiogram.dispatcher] - Sleep for 5.147661 seconds and try again... (tryings = 701, bot id = 8715181010)
[2026-07-26 19:18:22,428] [ERROR] [aiogram.dispatcher] - Failed to fetch updates - TelegramConflictError: Telegram server says - Conflict: terminated by other getUpdates request; make sure that only one bot instance is running
[2026-07-26 19:18:22,429] [WARNING] [aiogram.dispatcher] - Sleep for 5.001161 seconds and try again... (tryings = 702, bot id = 8715181010)
[2026-07-26 19:18:32,447] [ERROR] [aiogram.dispatcher] - Failed to fetch updates - TelegramConflictError: Telegram server says - Conflict: terminated by other getUpdates request; make sure that only one bot instance is running
[2026-07-26 19:18:32,447] [WARNING] [aiogram.dispatcher] - Sleep for 4.858478 seconds and try again... (tryings = 703, bot id = 8715181010)
[2026-07-26 19:18:42,588] [ERROR] [aiogram.dispatcher] - Failed to fetch updates - TelegramConflictError: Telegram server says - Conflict: terminated by other getUpdates request; make sure that only one bot instance is running
[2026-07-26 19:18:42,588] [WARNING] [aiogram.dispatcher] - Sleep for 4.985802 seconds and try again... (tryings = 704, bot id = 8715181010)
[2026-07-26 19:18:52,412] [ERROR] [aiogram.dispatcher] - Failed to fetch updates - TelegramConflictError: Telegram server says - Conflict: terminated by other getUpdates request; make sure that only one bot instance is running
[2026-07-26 19:18:52,412] [WARNING] [aiogram.dispatcher] - Sleep for 4.951544 seconds and try again... (tryings = 705, bot id = 8715181010)
[2026-07-26 19:19:02,449] [ERROR] [aiogram.dispatcher] - Failed to fetch updates - TelegramConflictError: Telegram server says - Conflict: terminated by other getUpdates request; make sure that only one bot instance is running
[2026-07-26 19:19:02,449] [WARNING] [aiogram.dispatcher] - Sleep for 4.840168 seconds and try again... (tryings = 706, bot id = 8715181010)
[2026-07-26 19:19:12,293] [ERROR] [aiogram.dispatcher] - Failed to fetch updates - TelegramConflictError: Telegram server says - Conflict: terminated by other getUpdates request; make sure that only one bot instance is running
[2026-07-26 19:19:12,293] [WARNING] [aiogram.dispatcher] - Sleep for 5.039799 seconds and try again... (tryings = 707, bot id = 8715181010)
[2026-07-26 19:19:22,367] [ERROR] [aiogram.dispatcher] - Failed to fetch updates - TelegramConflictError: Telegram server says - Conflict: terminated by other getUpdates request; make sure that only one bot instance is running
[2026-07-26 19:19:22,368] [WARNING] [aiogram.dispatcher] - Sleep for 4.937095 seconds and try again... (tryings = 708, bot id = 8715181010)
[2026-07-26 19:19:32,382] [ERROR] [aiogram.dispatcher] - Failed to fetch updates - TelegramConflictError: Telegram server says - Conflict: terminated by other getUpdates request; make sure that only one bot instance is running
[2026-07-26 19:19:32,383] [WARNING] [aiogram.dispatcher] - Sleep for 5.006502 seconds and try again... (tryings = 709, bot id = 8715181010)
[2026-07-26 19:19:42,351] [ERROR] [aiogram.dispatcher] - Failed to fetch updates - TelegramConflictError: Telegram server says - Conflict: terminated by other getUpdates request; make sure that only one bot instance is running
[2026-07-26 19:19:42,351] [WARNING] [aiogram.dispatcher] - Sleep for 5.139401 seconds and try again... (tryings = 710, bot id = 8715181010)
[2026-07-26 19:19:52,496] [ERROR] [aiogram.dispatcher] - Failed to fetch updates - TelegramConflictError: Telegram server says - Conflict: terminated by other getUpdates request; make sure that only one bot instance is running
[2026-07-26 19:19:52,497] [WARNING] [aiogram.dispatcher] - Sleep for 5.014809 seconds and try again... (tryings = 711, bot id = 8715181010)
[2026-07-26 19:20:02,729] [ERROR] [aiogram.dispatcher] - Failed to fetch updates - TelegramConflictError: Telegram server says - Conflict: terminated by other getUpdates request; make sure that only one bot instance is running
[2026-07-26 19:20:02,729] [WARNING] [aiogram.dispatcher] - Sleep for 5.040522 seconds and try again... (tryings = 712, bot id = 8715181010)
[2026-07-26 19:20:12,939] [ERROR] [aiogram.dispatcher] - Failed to fetch updates - TelegramConflictError: Telegram server says - Conflict: terminated by other getUpdates request; make sure that only one bot instance is running
[2026-07-26 19:20:12,939] [WARNING] [aiogram.dispatcher] - Sleep for 5.115064 seconds and try again... (tryings = 713, bot id = 8715181010)
[2026-07-26 19:20:23,227] [ERROR] [aiogram.dispatcher] - Failed to fetch updates - TelegramConflictError: Telegram server says - Conflict: terminated by other getUpdates request; make sure that only one bot instance is running
[2026-07-26 19:20:23,227] [WARNING] [aiogram.dispatcher] - Sleep for 5.085380 seconds and try again... (tryings = 714, bot id = 8715181010)
[2026-07-26 19:20:33,338] [ERROR] [aiogram.dispatcher] - Failed to fetch updates - TelegramConflictError: Telegram server says - Conflict: terminated by other getUpdates request; make sure that only one bot instance is running
[2026-07-26 19:20:33,338] [WARNING] [aiogram.dispatcher] - Sleep for 5.043970 seconds and try again... (tryings = 715, bot id = 8715181010)
[2026-07-26 19:20:43,542] [ERROR] [aiogram.dispatcher] - Failed to fetch updates - TelegramConflictError: Telegram server says - Conflict: terminated by other getUpdates request; make sure that only one bot instance is running
[2026-07-26 19:20:43,542] [WARNING] [aiogram.dispatcher] - Sleep for 5.084656 seconds and try again... (tryings = 716, bot id = 8715181010)
[2026-07-26 19:20:53,913] [ERROR] [aiogram.dispatcher] - Failed to fetch updates - TelegramConflictError: Telegram server says - Conflict: terminated by other getUpdates request; make sure that only one bot instance is running
[2026-07-26 19:20:53,914] [WARNING] [aiogram.dispatcher] - Sleep for 5.024897 seconds and try again... (tryings = 717, bot id = 8715181010)
[2026-07-26 19:21:04,059] [ERROR] [aiogram.dispatcher] - Failed to fetch updates - TelegramConflictError: Telegram server says - Conflict: terminated by other getUpdates request; make sure that only one bot instance is running
[2026-07-26 19:21:04,059] [WARNING] [aiogram.dispatcher] - Sleep for 5.055982 seconds and try again... (tryings = 718, bot id = 8715181010)
[2026-07-26 19:21:13,961] [ERROR] [aiogram.dispatcher] - Failed to fetch updates - TelegramConflictError: Telegram server says - Conflict: terminated by other getUpdates request; make sure that only one bot instance is running
[2026-07-26 19:21:13,962] [WARNING] [aiogram.dispatcher] - Sleep for 4.875391 seconds and try again... (tryings = 719, bot id = 8715181010)
[2026-07-26 19:21:23,957] [ERROR] [aiogram.dispatcher] - Failed to fetch updates - TelegramConflictError: Telegram server says - Conflict: terminated by other getUpdates request; make sure that only one bot instance is running
[2026-07-26 19:21:23,957] [WARNING] [aiogram.dispatcher] - Sleep for 4.759752 seconds and try again... (tryings = 720, bot id = 8715181010)
[2026-07-26 19:21:33,957] [ERROR] [aiogram.dispatcher] - Failed to fetch updates - TelegramConflictError: Telegram server says - Conflict: terminated by other getUpdates request; make sure that only one bot instance is running
[2026-07-26 19:21:33,958] [WARNING] [aiogram.dispatcher] - Sleep for 4.808521 seconds and try again... (tryings = 721, bot id = 8715181010)
[2026-07-26 19:21:43,749] [ERROR] [aiogram.dispatcher] - Failed to fetch updates - TelegramConflictError: Telegram server says - Conflict: terminated by other getUpdates request; make sure that only one bot instance is running
[2026-07-26 19:21:43,749] [WARNING] [aiogram.dispatcher] - Sleep for 4.740847 seconds and try again... (tryings = 722, bot id = 8715181010)
[2026-07-26 19:21:53,474] [ERROR] [aiogram.dispatcher] - Failed to fetch updates - TelegramConflictError: Telegram server says - Conflict: terminated by other getUpdates request; make sure that only one bot instance is running
[2026-07-26 19:21:53,474] [WARNING] [aiogram.dispatcher] - Sleep for 4.987918 seconds and try again... (tryings = 723, bot id = 8715181010)
[2026-07-26 19:22:03,686] [ERROR] [aiogram.dispatcher] - Failed to fetch updates - TelegramConflictError: Telegram server says - Conflict: terminated by other getUpdates request; make sure that only one bot instance is running
[2026-07-26 19:22:03,686] [WARNING] [aiogram.dispatcher] - Sleep for 4.789900 seconds and try again... (tryings = 724, bot id = 8715181010)
[2026-07-26 19:22:13,642] [ERROR] [aiogram.dispatcher] - Failed to fetch updates - TelegramConflictError: Telegram server says - Conflict: terminated by other getUpdates request; make sure that only one bot instance is running
[2026-07-26 19:22:13,643] [WARNING] [aiogram.dispatcher] - Sleep for 4.970307 seconds and try again... (tryings = 725, bot id = 8715181010)
[2026-07-26 19:22:23,619] [ERROR] [aiogram.dispatcher] - Failed to fetch updates - TelegramConflictError: Telegram server says - Conflict: terminated by other getUpdates request; make sure that only one bot instance is running
[2026-07-26 19:22:23,619] [WARNING] [aiogram.dispatcher] - Sleep for 5.073786 seconds and try again... (tryings = 726, bot id = 8715181010)
[2026-07-26 19:22:33,725] [ERROR] [aiogram.dispatcher] - Failed to fetch updates - TelegramConflictError: Telegram server says - Conflict: terminated by other getUpdates request; make sure that only one bot instance is running
[2026-07-26 19:22:33,726] [WARNING] [aiogram.dispatcher] - Sleep for 4.821498 seconds and try again... (tryings = 727, bot id = 8715181010)
[2026-07-26 19:22:43,495] [ERROR] [aiogram.dispatcher] - Failed to fetch updates - TelegramConflictError: Telegram server says - Conflict: terminated by other getUpdates request; make sure that only one bot instance is running
[2026-07-26 19:22:43,496] [WARNING] [aiogram.dispatcher] - Sleep for 4.881745 seconds and try again... (tryings = 728, bot id = 8715181010)
[2026-07-26 19:22:53,182] [ERROR] [aiogram.dispatcher] - Failed to fetch updates - TelegramConflictError: Telegram server says - Conflict: terminated by other getUpdates request; make sure that only one bot instance is running
[2026-07-26 19:22:53,183] [WARNING] [aiogram.dispatcher] - Sleep for 5.224904 seconds and try again... (tryings = 729, bot id = 8715181010)
[2026-07-26 19:23:03,482] [ERROR] [aiogram.dispatcher] - Failed to fetch updates - TelegramConflictError: Telegram server says - Conflict: terminated by other getUpdates request; make sure that only one bot instance is running
[2026-07-26 19:23:03,483] [WARNING] [aiogram.dispatcher] - Sleep for 5.213121 seconds and try again... (tryings = 730, bot id = 8715181010)
[2026-07-26 19:23:13,890] [ERROR] [aiogram.dispatcher] - Failed to fetch updates - TelegramConflictError: Telegram server says - Conflict: terminated by other getUpdates request; make sure that only one bot instance is running
[2026-07-26 19:23:13,890] [WARNING] [aiogram.dispatcher] - Sleep for 4.877685 seconds and try again... (tryings = 731, bot id = 8715181010)
[2026-07-26 19:23:23,738] [ERROR] [aiogram.dispatcher] - Failed to fetch updates - TelegramConflictError: Telegram server says - Conflict: terminated by other getUpdates request; make sure that only one bot instance is running
[2026-07-26 19:23:23,738] [WARNING] [aiogram.dispatcher] - Sleep for 4.964167 seconds and try again... (tryings = 732, bot id = 8715181010)
[2026-07-26 19:23:33,690] [ERROR] [aiogram.dispatcher] - Failed to fetch updates - TelegramConflictError: Telegram server says - Conflict: terminated by other getUpdates request; make sure that only one bot instance is running
[2026-07-26 19:23:33,690] [WARNING] [aiogram.dispatcher] - Sleep for 5.211240 seconds and try again... (tryings = 733, bot id = 8715181010)
[2026-07-26 19:23:43,867] [ERROR] [aiogram.dispatcher] - Failed to fetch updates - TelegramConflictError: Telegram server says - Conflict: terminated by other getUpdates request; make sure that only one bot instance is running
[2026-07-26 19:23:43,867] [WARNING] [aiogram.dispatcher] - Sleep for 4.868214 seconds and try again... (tryings = 734, bot id = 8715181010)
[2026-07-26 19:23:53,750] [ERROR] [aiogram.dispatcher] - Failed to fetch updates - TelegramConflictError: Telegram server says - Conflict: terminated by other getUpdates request; make sure that only one bot instance is running
[2026-07-26 19:23:53,750] [WARNING] [aiogram.dispatcher] - Sleep for 5.017682 seconds and try again... (tryings = 735, bot id = 8715181010)
[2026-07-26 19:24:03,850] [ERROR] [aiogram.dispatcher] - Failed to fetch updates - TelegramConflictError: Telegram server says - Conflict: terminated by other getUpdates request; make sure that only one bot instance is running
[2026-07-26 19:24:03,850] [WARNING] [aiogram.dispatcher] - Sleep for 5.131923 seconds and try again... (tryings = 736, bot id = 8715181010)
[2026-07-26 19:24:13,989] [ERROR] [aiogram.dispatcher] - Failed to fetch updates - TelegramConflictError: Telegram server says - Conflict: terminated by other getUpdates request; make sure that only one bot instance is running
[2026-07-26 19:24:13,989] [WARNING] [aiogram.dispatcher] - Sleep for 4.946919 seconds and try again... (tryings = 737, bot id = 8715181010)
[2026-07-26 19:24:24,080] [ERROR] [aiogram.dispatcher] - Failed to fetch updates - TelegramConflictError: Telegram server says - Conflict: terminated by other getUpdates request; make sure that only one bot instance is running
[2026-07-26 19:24:24,080] [WARNING] [aiogram.dispatcher] - Sleep for 4.849213 seconds and try again... (tryings = 738, bot id = 8715181010)
[2026-07-26 19:24:33,982] [ERROR] [aiogram.dispatcher] - Failed to fetch updates - TelegramConflictError: Telegram server says - Conflict: terminated by other getUpdates request; make sure that only one bot instance is running
[2026-07-26 19:24:33,982] [WARNING] [aiogram.dispatcher] - Sleep for 4.901983 seconds and try again... (tryings = 739, bot id = 8715181010)
[2026-07-26 19:24:43,855] [ERROR] [aiogram.dispatcher] - Failed to fetch updates - TelegramConflictError: Telegram server says - Conflict: terminated by other getUpdates request; make sure that only one bot instance is running
[2026-07-26 19:24:43,856] [WARNING] [aiogram.dispatcher] - Sleep for 4.945281 seconds and try again... (tryings = 740, bot id = 8715181010)
[2026-07-26 19:24:53,846] [ERROR] [aiogram.dispatcher] - Failed to fetch updates - TelegramConflictError: Telegram server says - Conflict: terminated by other getUpdates request; make sure that only one bot instance is running
[2026-07-26 19:24:53,847] [WARNING] [aiogram.dispatcher] - Sleep for 4.998538 seconds and try again... (tryings = 741, bot id = 8715181010)
[2026-07-26 19:25:03,858] [ERROR] [aiogram.dispatcher] - Failed to fetch updates - TelegramConflictError: Telegram server says - Conflict: terminated by other getUpdates request; make sure that only one bot instance is running
[2026-07-26 19:25:03,858] [WARNING] [aiogram.dispatcher] - Sleep for 4.772489 seconds and try again... (tryings = 742, bot id = 8715181010)
[2026-07-26 19:25:13,832] [ERROR] [aiogram.dispatcher] - Failed to fetch updates - TelegramConflictError: Telegram server says - Conflict: terminated by other getUpdates request; make sure that only one bot instance is running
[2026-07-26 19:25:13,832] [WARNING] [aiogram.dispatcher] - Sleep for 4.911678 seconds and try again... (tryings = 743, bot id = 8715181010)
[2026-07-26 19:25:23,862] [ERROR] [aiogram.dispatcher] - Failed to fetch updates - TelegramConflictError: Telegram server says - Conflict: terminated by other getUpdates request; make sure that only one bot instance is running
[2026-07-26 19:25:23,863] [WARNING] [aiogram.dispatcher] - Sleep for 4.838729 seconds and try again... (tryings = 744, bot id = 8715181010)
[2026-07-26 19:25:33,746] [ERROR] [aiogram.dispatcher] - Failed to fetch updates - TelegramConflictError: Telegram server says - Conflict: terminated by other getUpdates request; make sure that only one bot instance is running
[2026-07-26 19:25:33,746] [WARNING] [aiogram.dispatcher] - Sleep for 5.012016 seconds and try again... (tryings = 745, bot id = 8715181010)
[2026-07-26 19:25:43,998] [ERROR] [aiogram.dispatcher] - Failed to fetch updates - TelegramConflictError: Telegram server says - Conflict: terminated by other getUpdates request; make sure that only one bot instance is running
[2026-07-26 19:25:43,999] [WARNING] [aiogram.dispatcher] - Sleep for 4.978777 seconds and try again... (tryings = 746, bot id = 8715181010)
[2026-07-26 19:25:54,006] [ERROR] [aiogram.dispatcher] - Failed to fetch updates - TelegramConflictError: Telegram server says - Conflict: terminated by other getUpdates request; make sure that only one bot instance is running
[2026-07-26 19:25:54,007] [WARNING] [aiogram.dispatcher] - Sleep for 4.950240 seconds and try again... (tryings = 747, bot id = 8715181010)
[2026-07-26 19:26:03,941] [ERROR] [aiogram.dispatcher] - Failed to fetch updates - TelegramConflictError: Telegram server says - Conflict: terminated by other getUpdates request; make sure that only one bot instance is running
[2026-07-26 19:26:03,941] [WARNING] [aiogram.dispatcher] - Sleep for 4.938095 seconds and try again... (tryings = 748, bot id = 8715181010)
[2026-07-26 19:26:14,007] [ERROR] [aiogram.dispatcher] - Failed to fetch updates - TelegramConflictError: Telegram server says - Conflict: terminated by other getUpdates request; make sure that only one bot instance is running
[2026-07-26 19:26:14,007] [WARNING] [aiogram.dispatcher] - Sleep for 5.055286 seconds and try again... (tryings = 749, bot id = 8715181010)
[2026-07-26 19:26:24,050] [ERROR] [aiogram.dispatcher] - Failed to fetch updates - TelegramConflictError: Telegram server says - Conflict: terminated by other getUpdates request; make sure that only one bot instance is running
[2026-07-26 19:26:24,051] [WARNING] [aiogram.dispatcher] - Sleep for 5.077889 seconds and try again... (tryings = 750, bot id = 8715181010)
[2026-07-26 19:26:34,206] [ERROR] [aiogram.dispatcher] - Failed to fetch updates - TelegramConflictError: Telegram server says - Conflict: terminated by other getUpdates request; make sure that only one bot instance is running
[2026-07-26 19:26:34,206] [WARNING] [aiogram.dispatcher] - Sleep for 5.004797 seconds and try again... (tryings = 751, bot id = 8715181010)
[2026-07-26 19:26:44,230] [ERROR] [aiogram.dispatcher] - Failed to fetch updates - TelegramConflictError: Telegram server says - Conflict: terminated by other getUpdates request; make sure that only one bot instance is running
[2026-07-26 19:26:44,230] [WARNING] [aiogram.dispatcher] - Sleep for 4.979683 seconds and try again... (tryings = 752, bot id = 8715181010)
[2026-07-26 19:26:54,310] [ERROR] [aiogram.dispatcher] - Failed to fetch updates - TelegramConflictError: Telegram server says - Conflict: terminated by other getUpdates request; make sure that only one bot instance is running
[2026-07-26 19:26:54,310] [WARNING] [aiogram.dispatcher] - Sleep for 5.010658 seconds and try again... (tryings = 753, bot id = 8715181010)
[2026-07-26 19:27:04,299] [ERROR] [aiogram.dispatcher] - Failed to fetch updates - TelegramConflictError: Telegram server says - Conflict: terminated by other getUpdates request; make sure that only one bot instance is running
[2026-07-26 19:27:04,299] [WARNING] [aiogram.dispatcher] - Sleep for 4.765775 seconds and try again... (tryings = 754, bot id = 8715181010)
[2026-07-26 19:27:14,180] [ERROR] [aiogram.dispatcher] - Failed to fetch updates - TelegramConflictError: Telegram server says - Conflict: terminated by other getUpdates request; make sure that only one bot instance is running
[2026-07-26 19:27:14,180] [WARNING] [aiogram.dispatcher] - Sleep for 4.937219 seconds and try again... (tryings = 755, bot id = 8715181010)
[2026-07-26 19:27:24,168] [ERROR] [aiogram.dispatcher] - Failed to fetch updates - TelegramConflictError: Telegram server says - Conflict: terminated by other getUpdates request; make sure that only one bot instance is running
[2026-07-26 19:27:24,169] [WARNING] [aiogram.dispatcher] - Sleep for 5.016074 seconds and try again... (tryings = 756, bot id = 8715181010)
[2026-07-26 19:27:34,217] [ERROR] [aiogram.dispatcher] - Failed to fetch updates - TelegramConflictError: Telegram server says - Conflict: terminated by other getUpdates request; make sure that only one bot instance is running
[2026-07-26 19:27:34,217] [WARNING] [aiogram.dispatcher] - Sleep for 5.035411 seconds and try again... (tryings = 757, bot id = 8715181010)
[2026-07-26 19:27:44,309] [ERROR] [aiogram.dispatcher] - Failed to fetch updates - TelegramConflictError: Telegram server says - Conflict: terminated by other getUpdates request; make sure that only one bot instance is running
[2026-07-26 19:27:44,309] [WARNING] [aiogram.dispatcher] - Sleep for 5.063803 seconds and try again... (tryings = 758, bot id = 8715181010)
[2026-07-26 19:27:54,342] [ERROR] [aiogram.dispatcher] - Failed to fetch updates - TelegramConflictError: Telegram server says - Conflict: terminated by other getUpdates request; make sure that only one bot instance is running
[2026-07-26 19:27:54,343] [WARNING] [aiogram.dispatcher] - Sleep for 5.112974 seconds and try again... (tryings = 759, bot id = 8715181010)
[2026-07-26 19:28:04,515] [ERROR] [aiogram.dispatcher] - Failed to fetch updates - TelegramConflictError: Telegram server says - Conflict: terminated by other getUpdates request; make sure that only one bot instance is running
[2026-07-26 19:28:04,515] [WARNING] [aiogram.dispatcher] - Sleep for 4.904596 seconds and try again... (tryings = 760, bot id = 8715181010)
[2026-07-26 19:28:14,261] [ERROR] [aiogram.dispatcher] - Failed to fetch updates - TelegramConflictError: Telegram server says - Conflict: terminated by other getUpdates request; make sure that only one bot instance is running
[2026-07-26 19:28:14,261] [WARNING] [aiogram.dispatcher] - Sleep for 4.986401 seconds and try again... (tryings = 761, bot id = 8715181010)
[2026-07-26 19:28:24,164] [ERROR] [aiogram.dispatcher] - Failed to fetch updates - TelegramConflictError: Telegram server says - Conflict: terminated by other getUpdates request; make sure that only one bot instance is running
[2026-07-26 19:28:24,165] [WARNING] [aiogram.dispatcher] - Sleep for 4.959083 seconds and try again... (tryings = 762, bot id = 8715181010)
[2026-07-26 19:28:34,160] [ERROR] [aiogram.dispatcher] - Failed to fetch updates - TelegramConflictError: Telegram server says - Conflict: terminated by other getUpdates request; make sure that only one bot instance is running
[2026-07-26 19:28:34,161] [WARNING] [aiogram.dispatcher] - Sleep for 5.040268 seconds and try again... (tryings = 763, bot id = 8715181010)
[2026-07-26 19:28:44,221] [ERROR] [aiogram.dispatcher] - Failed to fetch updates - TelegramConflictError: Telegram server says - Conflict: terminated by other getUpdates request; make sure that only one bot instance is running
[2026-07-26 19:28:44,222] [WARNING] [aiogram.dispatcher] - Sleep for 5.035756 seconds and try again... (tryings = 764, bot id = 8715181010)
[2026-07-26 19:28:54,327] [ERROR] [aiogram.dispatcher] - Failed to fetch updates - TelegramConflictError: Telegram server says - Conflict: terminated by other getUpdates request; make sure that only one bot instance is running
[2026-07-26 19:28:54,327] [WARNING] [aiogram.dispatcher] - Sleep for 4.988658 seconds and try again... (tryings = 765, bot id = 8715181010)
[2026-07-26 19:29:04,371] [ERROR] [aiogram.dispatcher] - Failed to fetch updates - TelegramConflictError: Telegram server says - Conflict: terminated by other getUpdates request; make sure that only one bot instance is running
[2026-07-26 19:29:04,371] [WARNING] [aiogram.dispatcher] - Sleep for 5.067689 seconds and try again... (tryings = 766, bot id = 8715181010)
[2026-07-26 19:29:14,604] [ERROR] [aiogram.dispatcher] - Failed to fetch updates - TelegramConflictError: Telegram server says - Conflict: terminated by other getUpdates request; make sure that only one bot instance is running
[2026-07-26 19:29:14,604] [WARNING] [aiogram.dispatcher] - Sleep for 4.974896 seconds and try again... (tryings = 767, bot id = 8715181010)
[2026-07-26 19:29:24,462] [ERROR] [aiogram.dispatcher] - Failed to fetch updates - TelegramConflictError: Telegram server says - Conflict: terminated by other getUpdates request; make sure that only one bot instance is running
[2026-07-26 19:29:24,463] [WARNING] [aiogram.dispatcher] - Sleep for 5.060910 seconds and try again... (tryings = 768, bot id = 8715181010)
[2026-07-26 19:29:34,514] [ERROR] [aiogram.dispatcher] - Failed to fetch updates - TelegramConflictError: Telegram server says - Conflict: terminated by other getUpdates request; make sure that only one bot instance is running
[2026-07-26 19:29:34,514] [WARNING] [aiogram.dispatcher] - Sleep for 4.980022 seconds and try again... (tryings = 769, bot id = 8715181010)
[2026-07-26 19:29:44,388] [ERROR] [aiogram.dispatcher] - Failed to fetch updates - TelegramConflictError: Telegram server says - Conflict: terminated by other getUpdates request; make sure that only one bot instance is running
[2026-07-26 19:29:44,388] [WARNING] [aiogram.dispatcher] - Sleep for 4.956149 seconds and try again... (tryings = 770, bot id = 8715181010)
[2026-07-26 19:29:54,430] [ERROR] [aiogram.dispatcher] - Failed to fetch updates - TelegramConflictError: Telegram server says - Conflict: terminated by other getUpdates request; make sure that only one bot instance is running
[2026-07-26 19:29:54,431] [WARNING] [aiogram.dispatcher] - Sleep for 5.102241 seconds and try again... (tryings = 771, bot id = 8715181010)
[2026-07-26 19:30:04,729] [ERROR] [aiogram.dispatcher] - Failed to fetch updates - TelegramConflictError: Telegram server says - Conflict: terminated by other getUpdates request; make sure that only one bot instance is running
[2026-07-26 19:30:04,729] [WARNING] [aiogram.dispatcher] - Sleep for 5.036781 seconds and try again... (tryings = 772, bot id = 8715181010)
[2026-07-26 19:30:14,796] [ERROR] [aiogram.dispatcher] - Failed to fetch updates - TelegramConflictError: Telegram server says - Conflict: terminated by other getUpdates request; make sure that only one bot instance is running
[2026-07-26 19:30:14,797] [WARNING] [aiogram.dispatcher] - Sleep for 5.050193 seconds and try again... (tryings = 773, bot id = 8715181010)
[2026-07-26 19:30:24,864] [ERROR] [aiogram.dispatcher] - Failed to fetch updates - TelegramConflictError: Telegram server says - Conflict: terminated by other getUpdates request; make sure that only one bot instance is running
[2026-07-26 19:30:24,865] [WARNING] [aiogram.dispatcher] - Sleep for 4.878268 seconds and try again... (tryings = 774, bot id = 8715181010)
[2026-07-26 19:30:35,009] [ERROR] [aiogram.dispatcher] - Failed to fetch updates - TelegramConflictError: Telegram server says - Conflict: terminated by other getUpdates request; make sure that only one bot instance is running
[2026-07-26 19:30:35,009] [WARNING] [aiogram.dispatcher] - Sleep for 4.967252 seconds and try again... (tryings = 775, bot id = 8715181010)
[2026-07-26 19:30:45,168] [ERROR] [aiogram.dispatcher] - Failed to fetch updates - TelegramConflictError: Telegram server says - Conflict: terminated by other getUpdates request; make sure that only one bot instance is running
[2026-07-26 19:30:45,169] [WARNING] [aiogram.dispatcher] - Sleep for 4.852904 seconds and try again... (tryings = 776, bot id = 8715181010)
[2026-07-26 19:30:55,053] [ERROR] [aiogram.dispatcher] - Failed to fetch updates - TelegramConflictError: Telegram server says - Conflict: terminated by other getUpdates request; make sure that only one bot instance is running
[2026-07-26 19:30:55,053] [WARNING] [aiogram.dispatcher] - Sleep for 4.988481 seconds and try again... (tryings = 777, bot id = 8715181010)
[2026-07-26 19:31:05,143] [ERROR] [aiogram.dispatcher] - Failed to fetch updates - TelegramConflictError: Telegram server says - Conflict: terminated by other getUpdates request; make sure that only one bot instance is running
[2026-07-26 19:31:05,143] [WARNING] [aiogram.dispatcher] - Sleep for 5.043176 seconds and try again... (tryings = 778, bot id = 8715181010)
[2026-07-26 19:31:15,160] [ERROR] [aiogram.dispatcher] - Failed to fetch updates - TelegramConflictError: Telegram server says - Conflict: terminated by other getUpdates request; make sure that only one bot instance is running
[2026-07-26 19:31:15,160] [WARNING] [aiogram.dispatcher] - Sleep for 5.123861 seconds and try again... (tryings = 779, bot id = 8715181010)
[2026-07-26 19:31:25,335] [ERROR] [aiogram.dispatcher] - Failed to fetch updates - TelegramConflictError: Telegram server says - Conflict: terminated by other getUpdates request; make sure that only one bot instance is running
[2026-07-26 19:31:25,336] [WARNING] [aiogram.dispatcher] - Sleep for 5.154973 seconds and try again... (tryings = 780, bot id = 8715181010)
[2026-07-26 19:31:35,510] [ERROR] [aiogram.dispatcher] - Failed to fetch updates - TelegramConflictError: Telegram server says - Conflict: terminated by other getUpdates request; make sure that only one bot instance is running
[2026-07-26 19:31:35,511] [WARNING] [aiogram.dispatcher] - Sleep for 4.847551 seconds and try again... (tryings = 781, bot id = 8715181010)
[2026-07-26 19:31:45,406] [ERROR] [aiogram.dispatcher] - Failed to fetch updates - TelegramConflictError: Telegram server says - Conflict: terminated by other getUpdates request; make sure that only one bot instance is running
[2026-07-26 19:31:45,407] [WARNING] [aiogram.dispatcher] - Sleep for 5.026531 seconds and try again... (tryings = 782, bot id = 8715181010)
[2026-07-26 19:31:55,560] [ERROR] [aiogram.dispatcher] - Failed to fetch updates - TelegramConflictError: Telegram server says - Conflict: terminated by other getUpdates request; make sure that only one bot instance is running
[2026-07-26 19:31:55,560] [WARNING] [aiogram.dispatcher] - Sleep for 4.942270 seconds and try again... (tryings = 783, bot id = 8715181010)
[2026-07-26 19:32:05,396] [ERROR] [aiogram.dispatcher] - Failed to fetch updates - TelegramConflictError: Telegram server says - Conflict: terminated by other getUpdates request; make sure that only one bot instance is running
[2026-07-26 19:32:05,396] [WARNING] [aiogram.dispatcher] - Sleep for 4.944496 seconds and try again... (tryings = 784, bot id = 8715181010)
[2026-07-26 19:32:15,463] [ERROR] [aiogram.dispatcher] - Failed to fetch updates - TelegramConflictError: Telegram server says - Conflict: terminated by other getUpdates request; make sure that only one bot instance is running
[2026-07-26 19:32:15,464] [WARNING] [aiogram.dispatcher] - Sleep for 4.952568 seconds and try again... (tryings = 785, bot id = 8715181010)
[2026-07-26 19:32:25,373] [ERROR] [aiogram.dispatcher] - Failed to fetch updates - TelegramConflictError: Telegram server says - Conflict: terminated by other getUpdates request; make sure that only one bot instance is running
[2026-07-26 19:32:25,373] [WARNING] [aiogram.dispatcher] - Sleep for 5.009999 seconds and try again... (tryings = 786, bot id = 8715181010)
[2026-07-26 19:32:35,532] [ERROR] [aiogram.dispatcher] - Failed to fetch updates - TelegramConflictError: Telegram server says - Conflict: terminated by other getUpdates request; make sure that only one bot instance is running
[2026-07-26 19:32:35,533] [WARNING] [aiogram.dispatcher] - Sleep for 4.910976 seconds and try again... (tryings = 787, bot id = 8715181010)
[2026-07-26 19:32:45,647] [ERROR] [aiogram.dispatcher] - Failed to fetch updates - TelegramConflictError: Telegram server says - Conflict: terminated by other getUpdates request; make sure that only one bot instance is running
[2026-07-26 19:32:45,647] [WARNING] [aiogram.dispatcher] - Sleep for 4.834493 seconds and try again... (tryings = 788, bot id = 8715181010)
[2026-07-26 19:32:55,594] [ERROR] [aiogram.dispatcher] - Failed to fetch updates - TelegramConflictError: Telegram server says - Conflict: terminated by other getUpdates request; make sure that only one bot instance is running
[2026-07-26 19:32:55,594] [WARNING] [aiogram.dispatcher] - Sleep for 5.087827 seconds and try again... (tryings = 789, bot id = 8715181010)
[2026-07-26 19:33:05,883] [ERROR] [aiogram.dispatcher] - Failed to fetch updates - TelegramConflictError: Telegram server says - Conflict: terminated by other getUpdates request; make sure that only one bot instance is running
[2026-07-26 19:33:05,883] [WARNING] [aiogram.dispatcher] - Sleep for 4.970922 seconds and try again... (tryings = 790, bot id = 8715181010)
[2026-07-26 19:33:15,981] [ERROR] [aiogram.dispatcher] - Failed to fetch updates - TelegramConflictError: Telegram server says - Conflict: terminated by other getUpdates request; make sure that only one bot instance is running
[2026-07-26 19:33:15,982] [WARNING] [aiogram.dispatcher] - Sleep for 4.909281 seconds and try again... (tryings = 791, bot id = 8715181010)
[2026-07-26 19:33:26,002] [ERROR] [aiogram.dispatcher] - Failed to fetch updates - TelegramConflictError: Telegram server says - Conflict: terminated by other getUpdates request; make sure that only one bot instance is running
[2026-07-26 19:33:26,003] [WARNING] [aiogram.dispatcher] - Sleep for 4.980475 seconds and try again... (tryings = 792, bot id = 8715181010)
[2026-07-26 19:33:35,974] [ERROR] [aiogram.dispatcher] - Failed to fetch updates - TelegramConflictError: Telegram server says - Conflict: terminated by other getUpdates request; make sure that only one bot instance is running
[2026-07-26 19:33:35,974] [WARNING] [aiogram.dispatcher] - Sleep for 5.012755 seconds and try again... (tryings = 793, bot id = 8715181010)
[2026-07-26 19:33:46,199] [ERROR] [aiogram.dispatcher] - Failed to fetch updates - TelegramConflictError: Telegram server says - Conflict: terminated by other getUpdates request; make sure that only one bot instance is running
[2026-07-26 19:33:46,199] [WARNING] [aiogram.dispatcher] - Sleep for 4.976655 seconds and try again... (tryings = 794, bot id = 8715181010)
[2026-07-26 19:33:56,136] [ERROR] [aiogram.dispatcher] - Failed to fetch updates - TelegramConflictError: Telegram server says - Conflict: terminated by other getUpdates request; make sure that only one bot instance is running
[2026-07-26 19:33:56,137] [WARNING] [aiogram.dispatcher] - Sleep for 5.134570 seconds and try again... (tryings = 795, bot id = 8715181010)
[2026-07-26 19:34:06,242] [ERROR] [aiogram.dispatcher] - Failed to fetch updates - TelegramConflictError: Telegram server says - Conflict: terminated by other getUpdates request; make sure that only one bot instance is running
[2026-07-26 19:34:06,242] [WARNING] [aiogram.dispatcher] - Sleep for 4.980263 seconds and try again... (tryings = 796, bot id = 8715181010)
[2026-07-26 19:34:16,399] [ERROR] [aiogram.dispatcher] - Failed to fetch updates - TelegramConflictError: Telegram server says - Conflict: terminated by other getUpdates request; make sure that only one bot instance is running
[2026-07-26 19:34:16,400] [WARNING] [aiogram.dispatcher] - Sleep for 4.922006 seconds and try again... (tryings = 797, bot id = 8715181010)
[2026-07-26 19:34:26,464] [ERROR] [aiogram.dispatcher] - Failed to fetch updates - TelegramConflictError: Telegram server says - Conflict: terminated by other getUpdates request; make sure that only one bot instance is running
[2026-07-26 19:34:26,465] [WARNING] [aiogram.dispatcher] - Sleep for 5.020698 seconds and try again... (tryings = 798, bot id = 8715181010)
[2026-07-26 19:34:36,478] [ERROR] [aiogram.dispatcher] - Failed to fetch updates - TelegramConflictError: Telegram server says - Conflict: terminated by other getUpdates request; make sure that only one bot instance is running
[2026-07-26 19:34:36,478] [WARNING] [aiogram.dispatcher] - Sleep for 5.052354 seconds and try again... (tryings = 799, bot id = 8715181010)
[2026-07-26 19:34:46,475] [ERROR] [aiogram.dispatcher] - Failed to fetch updates - TelegramConflictError: Telegram server says - Conflict: terminated by other getUpdates request; make sure that only one bot instance is running
[2026-07-26 19:34:46,475] [WARNING] [aiogram.dispatcher] - Sleep for 4.973626 seconds and try again... (tryings = 800, bot id = 8715181010)
[2026-07-26 19:34:56,599] [ERROR] [aiogram.dispatcher] - Failed to fetch updates - TelegramConflictError: Telegram server says - Conflict: terminated by other getUpdates request; make sure that only one bot instance is running
[2026-07-26 19:34:56,599] [WARNING] [aiogram.dispatcher] - Sleep for 5.011672 seconds and try again... (tryings = 801, bot id = 8715181010)
[2026-07-26 19:35:06,761] [ERROR] [aiogram.dispatcher] - Failed to fetch updates - TelegramConflictError: Telegram server says - Conflict: terminated by other getUpdates request; make sure that only one bot instance is running
[2026-07-26 19:35:06,761] [WARNING] [aiogram.dispatcher] - Sleep for 4.982269 seconds and try again... (tryings = 802, bot id = 8715181010)
[2026-07-26 19:35:16,761] [ERROR] [aiogram.dispatcher] - Failed to fetch updates - TelegramConflictError: Telegram server says - Conflict: terminated by other getUpdates request; make sure that only one bot instance is running
[2026-07-26 19:35:16,762] [WARNING] [aiogram.dispatcher] - Sleep for 5.039350 seconds and try again... (tryings = 803, bot id = 8715181010)
[2026-07-26 19:35:26,987] [ERROR] [aiogram.dispatcher] - Failed to fetch updates - TelegramConflictError: Telegram server says - Conflict: terminated by other getUpdates request; make sure that only one bot instance is running
[2026-07-26 19:35:26,988] [WARNING] [aiogram.dispatcher] - Sleep for 4.980811 seconds and try again... (tryings = 804, bot id = 8715181010)
[2026-07-26 19:35:37,224] [ERROR] [aiogram.dispatcher] - Failed to fetch updates - TelegramConflictError: Telegram server says - Conflict: terminated by other getUpdates request; make sure that only one bot instance is running
[2026-07-26 19:35:37,225] [WARNING] [aiogram.dispatcher] - Sleep for 5.076384 seconds and try again... (tryings = 805, bot id = 8715181010)
[2026-07-26 19:35:47,465] [ERROR] [aiogram.dispatcher] - Failed to fetch updates - TelegramConflictError: Telegram server says - Conflict: terminated by other getUpdates request; make sure that only one bot instance is running
[2026-07-26 19:35:47,465] [WARNING] [aiogram.dispatcher] - Sleep for 5.014248 seconds and try again... (tryings = 806, bot id = 8715181010)
[2026-07-26 19:35:57,822] [ERROR] [aiogram.dispatcher] - Failed to fetch updates - TelegramConflictError: Telegram server says - Conflict: terminated by other getUpdates request; make sure that only one bot instance is running
[2026-07-26 19:35:57,822] [WARNING] [aiogram.dispatcher] - Sleep for 5.070889 seconds and try again... (tryings = 807, bot id = 8715181010)
[2026-07-26 19:36:07,927] [ERROR] [aiogram.dispatcher] - Failed to fetch updates - TelegramConflictError: Telegram server says - Conflict: terminated by other getUpdates request; make sure that only one bot instance is running
[2026-07-26 19:36:07,928] [WARNING] [aiogram.dispatcher] - Sleep for 5.072316 seconds and try again... (tryings = 808, bot id = 8715181010)
[2026-07-26 19:36:18,110] [ERROR] [aiogram.dispatcher] - Failed to fetch updates - TelegramConflictError: Telegram server says - Conflict: terminated by other getUpdates request; make sure that only one bot instance is running
[2026-07-26 19:36:18,110] [WARNING] [aiogram.dispatcher] - Sleep for 5.111146 seconds and try again... (tryings = 809, bot id = 8715181010)
[2026-07-26 19:36:28,178] [ERROR] [aiogram.dispatcher] - Failed to fetch updates - TelegramConflictError: Telegram server says - Conflict: terminated by other getUpdates request; make sure that only one bot instance is running
[2026-07-26 19:36:28,178] [WARNING] [aiogram.dispatcher] - Sleep for 4.909919 seconds and try again... (tryings = 810, bot id = 8715181010)
[2026-07-26 19:36:38,087] [ERROR] [aiogram.dispatcher] - Failed to fetch updates - TelegramConflictError: Telegram server says - Conflict: terminated by other getUpdates request; make sure that only one bot instance is running
[2026-07-26 19:36:38,088] [WARNING] [aiogram.dispatcher] - Sleep for 4.906836 seconds and try again... (tryings = 811, bot id = 8715181010)
[2026-07-26 19:36:47,927] [ERROR] [aiogram.dispatcher] - Failed to fetch updates - TelegramConflictError: Telegram server says - Conflict: terminated by other getUpdates request; make sure that only one bot instance is running
[2026-07-26 19:36:47,928] [WARNING] [aiogram.dispatcher] - Sleep for 4.845981 seconds and try again... (tryings = 812, bot id = 8715181010)
[2026-07-26 19:36:57,768] [ERROR] [aiogram.dispatcher] - Failed to fetch updates - TelegramConflictError: Telegram server says - Conflict: terminated by other getUpdates request; make sure that only one bot instance is running
[2026-07-26 19:36:57,768] [WARNING] [aiogram.dispatcher] - Sleep for 4.830325 seconds and try again... (tryings = 813, bot id = 8715181010)
[2026-07-26 19:37:07,528] [ERROR] [aiogram.dispatcher] - Failed to fetch updates - TelegramConflictError: Telegram server says - Conflict: terminated by other getUpdates request; make sure that only one bot instance is running
[2026-07-26 19:37:07,528] [WARNING] [aiogram.dispatcher] - Sleep for 5.103801 seconds and try again... (tryings = 814, bot id = 8715181010)
[2026-07-26 19:37:17,655] [ERROR] [aiogram.dispatcher] - Failed to fetch updates - TelegramConflictError: Telegram server says - Conflict: terminated by other getUpdates request; make sure that only one bot instance is running
[2026-07-26 19:37:17,655] [WARNING] [aiogram.dispatcher] - Sleep for 5.031169 seconds and try again... (tryings = 815, bot id = 8715181010)
[2026-07-26 19:37:27,824] [ERROR] [aiogram.dispatcher] - Failed to fetch updates - TelegramConflictError: Telegram server says - Conflict: terminated by other getUpdates request; make sure that only one bot instance is running
[2026-07-26 19:37:27,824] [WARNING] [aiogram.dispatcher] - Sleep for 4.932565 seconds and try again... (tryings = 816, bot id = 8715181010)
[2026-07-26 19:37:37,682] [ERROR] [aiogram.dispatcher] - Failed to fetch updates - TelegramConflictError: Telegram server says - Conflict: terminated by other getUpdates request; make sure that only one bot instance is running
[2026-07-26 19:37:37,682] [WARNING] [aiogram.dispatcher] - Sleep for 5.124829 seconds and try again... (tryings = 817, bot id = 8715181010)
[2026-07-26 19:37:48,030] [ERROR] [aiogram.dispatcher] - Failed to fetch updates - TelegramConflictError: Telegram server says - Conflict: terminated by other getUpdates request; make sure that only one bot instance is running
[2026-07-26 19:37:48,030] [WARNING] [aiogram.dispatcher] - Sleep for 4.926881 seconds and try again... (tryings = 818, bot id = 8715181010)
[2026-07-26 19:37:57,915] [ERROR] [aiogram.dispatcher] - Failed to fetch updates - TelegramConflictError: Telegram server says - Conflict: terminated by other getUpdates request; make sure that only one bot instance is running
[2026-07-26 19:37:57,916] [WARNING] [aiogram.dispatcher] - Sleep for 5.040314 seconds and try again... (tryings = 819, bot id = 8715181010)
[2026-07-26 19:38:07,970] [ERROR] [aiogram.dispatcher] - Failed to fetch updates - TelegramConflictError: Telegram server says - Conflict: terminated by other getUpdates request; make sure that only one bot instance is running
[2026-07-26 19:38:07,970] [WARNING] [aiogram.dispatcher] - Sleep for 4.911760 seconds and try again... (tryings = 820, bot id = 8715181010)
[2026-07-26 19:38:17,996] [ERROR] [aiogram.dispatcher] - Failed to fetch updates - TelegramConflictError: Telegram server says - Conflict: terminated by other getUpdates request; make sure that only one bot instance is running
[2026-07-26 19:38:17,996] [WARNING] [aiogram.dispatcher] - Sleep for 4.981053 seconds and try again... (tryings = 821, bot id = 8715181010)
[2026-07-26 19:38:28,001] [ERROR] [aiogram.dispatcher] - Failed to fetch updates - TelegramConflictError: Telegram server says - Conflict: terminated by other getUpdates request; make sure that only one bot instance is running
[2026-07-26 19:38:28,002] [WARNING] [aiogram.dispatcher] - Sleep for 5.081708 seconds and try again... (tryings = 822, bot id = 8715181010)
[2026-07-26 19:38:38,241] [ERROR] [aiogram.dispatcher] - Failed to fetch updates - TelegramConflictError: Telegram server says - Conflict: terminated by other getUpdates request; make sure that only one bot instance is running
[2026-07-26 19:38:38,241] [WARNING] [aiogram.dispatcher] - Sleep for 4.829461 seconds and try again... (tryings = 823, bot id = 8715181010)
[2026-07-26 19:38:48,218] [ERROR] [aiogram.dispatcher] - Failed to fetch updates - TelegramConflictError: Telegram server says - Conflict: terminated by other getUpdates request; make sure that only one bot instance is running
[2026-07-26 19:38:48,218] [WARNING] [aiogram.dispatcher] - Sleep for 4.972228 seconds and try again... (tryings = 824, bot id = 8715181010)
[2026-07-26 19:38:58,330] [ERROR] [aiogram.dispatcher] - Failed to fetch updates - TelegramConflictError: Telegram server says - Conflict: terminated by other getUpdates request; make sure that only one bot instance is running
[2026-07-26 19:38:58,330] [WARNING] [aiogram.dispatcher] - Sleep for 4.971033 seconds and try again... (tryings = 825, bot id = 8715181010)
[2026-07-26 19:39:08,292] [ERROR] [aiogram.dispatcher] - Failed to fetch updates - TelegramConflictError: Telegram server says - Conflict: terminated by other getUpdates request; make sure that only one bot instance is running
[2026-07-26 19:39:08,292] [WARNING] [aiogram.dispatcher] - Sleep for 5.171712 seconds and try again... (tryings = 826, bot id = 8715181010)
[2026-07-26 19:39:18,201] [ERROR] [aiogram.dispatcher] - Failed to fetch updates - TelegramConflictError: Telegram server says - Conflict: terminated by other getUpdates request; make sure that only one bot instance is running
[2026-07-26 19:39:18,201] [WARNING] [aiogram.dispatcher] - Sleep for 5.010276 seconds and try again... (tryings = 827, bot id = 8715181010)
[2026-07-26 19:39:28,260] [ERROR] [aiogram.dispatcher] - Failed to fetch updates - TelegramConflictError: Telegram server says - Conflict: terminated by other getUpdates request; make sure that only one bot instance is running
[2026-07-26 19:39:28,260] [WARNING] [aiogram.dispatcher] - Sleep for 4.913703 seconds and try again... (tryings = 828, bot id = 8715181010)
[2026-07-26 19:39:38,193] [ERROR] [aiogram.dispatcher] - Failed to fetch updates - TelegramConflictError: Telegram server says - Conflict: terminated by other getUpdates request; make sure that only one bot instance is running
[2026-07-26 19:39:38,194] [WARNING] [aiogram.dispatcher] - Sleep for 5.033694 seconds and try again... (tryings = 829, bot id = 8715181010)
[2026-07-26 19:39:48,340] [ERROR] [aiogram.dispatcher] - Failed to fetch updates - TelegramConflictError: Telegram server says - Conflict: terminated by other getUpdates request; make sure that only one bot instance is running
[2026-07-26 19:39:48,340] [WARNING] [aiogram.dispatcher] - Sleep for 4.813038 seconds and try again... (tryings = 830, bot id = 8715181010)
[2026-07-26 19:39:58,069] [ERROR] [aiogram.dispatcher] - Failed to fetch updates - TelegramConflictError: Telegram server says - Conflict: terminated by other getUpdates request; make sure that only one bot instance is running
[2026-07-26 19:39:58,069] [WARNING] [aiogram.dispatcher] - Sleep for 4.980143 seconds and try again... (tryings = 831, bot id = 8715181010)
[2026-07-26 19:40:08,050] [ERROR] [aiogram.dispatcher] - Failed to fetch updates - TelegramConflictError: Telegram server says - Conflict: terminated by other getUpdates request; make sure that only one bot instance is running
[2026-07-26 19:40:08,050] [WARNING] [aiogram.dispatcher] - Sleep for 5.164018 seconds and try again... (tryings = 832, bot id = 8715181010)
[2026-07-26 19:40:18,245] [ERROR] [aiogram.dispatcher] - Failed to fetch updates - TelegramConflictError: Telegram server says - Conflict: terminated by other getUpdates request; make sure that only one bot instance is running
[2026-07-26 19:40:18,245] [WARNING] [aiogram.dispatcher] - Sleep for 5.001419 seconds and try again... (tryings = 833, bot id = 8715181010)
[2026-07-26 19:40:28,450] [ERROR] [aiogram.dispatcher] - Failed to fetch updates - TelegramConflictError: Telegram server says - Conflict: terminated by other getUpdates request; make sure that only one bot instance is running
[2026-07-26 19:40:28,451] [WARNING] [aiogram.dispatcher] - Sleep for 4.817575 seconds and try again... (tryings = 834, bot id = 8715181010)
[2026-07-26 19:40:38,314] [ERROR] [aiogram.dispatcher] - Failed to fetch updates - TelegramConflictError: Telegram server says - Conflict: terminated by other getUpdates request; make sure that only one bot instance is running
[2026-07-26 19:40:38,314] [WARNING] [aiogram.dispatcher] - Sleep for 5.111655 seconds and try again... (tryings = 835, bot id = 8715181010)
[2026-07-26 19:40:48,457] [ERROR] [aiogram.dispatcher] - Failed to fetch updates - TelegramConflictError: Telegram server says - Conflict: terminated by other getUpdates request; make sure that only one bot instance is running
[2026-07-26 19:40:48,457] [WARNING] [aiogram.dispatcher] - Sleep for 4.867933 seconds and try again... (tryings = 836, bot id = 8715181010)
[2026-07-26 19:40:58,500] [ERROR] [aiogram.dispatcher] - Failed to fetch updates - TelegramConflictError: Telegram server says - Conflict: terminated by other getUpdates request; make sure that only one bot instance is running
[2026-07-26 19:40:58,500] [WARNING] [aiogram.dispatcher] - Sleep for 5.030648 seconds and try again... (tryings = 837, bot id = 8715181010)
[2026-07-26 19:41:08,488] [ERROR] [aiogram.dispatcher] - Failed to fetch updates - TelegramConflictError: Telegram server says - Conflict: terminated by other getUpdates request; make sure that only one bot instance is running
[2026-07-26 19:41:08,489] [WARNING] [aiogram.dispatcher] - Sleep for 5.109243 seconds and try again... (tryings = 838, bot id = 8715181010)
[2026-07-26 19:41:18,439] [ERROR] [aiogram.dispatcher] - Failed to fetch updates - TelegramConflictError: Telegram server says - Conflict: terminated by other getUpdates request; make sure that only one bot instance is running
[2026-07-26 19:41:18,440] [WARNING] [aiogram.dispatcher] - Sleep for 4.986032 seconds and try again... (tryings = 839, bot id = 8715181010)
[2026-07-26 19:41:28,639] [ERROR] [aiogram.dispatcher] - Failed to fetch updates - TelegramConflictError: Telegram server says - Conflict: terminated by other getUpdates request; make sure that only one bot instance is running
[2026-07-26 19:41:28,640] [WARNING] [aiogram.dispatcher] - Sleep for 4.894672 seconds and try again... (tryings = 840, bot id = 8715181010)
[2026-07-26 19:41:38,526] [ERROR] [aiogram.dispatcher] - Failed to fetch updates - TelegramConflictError: Telegram server says - Conflict: terminated by other getUpdates request; make sure that only one bot instance is running
[2026-07-26 19:41:38,527] [WARNING] [aiogram.dispatcher] - Sleep for 4.887901 seconds and try again... (tryings = 841, bot id = 8715181010)
[2026-07-26 19:41:48,524] [ERROR] [aiogram.dispatcher] - Failed to fetch updates - TelegramConflictError: Telegram server says - Conflict: terminated by other getUpdates request; make sure that only one bot instance is running
[2026-07-26 19:41:48,524] [WARNING] [aiogram.dispatcher] - Sleep for 4.820743 seconds and try again... (tryings = 842, bot id = 8715181010)
[2026-07-26 19:41:58,391] [ERROR] [aiogram.dispatcher] - Failed to fetch updates - TelegramConflictError: Telegram server says - Conflict: terminated by other getUpdates request; make sure that only one bot instance is running
[2026-07-26 19:41:58,391] [WARNING] [aiogram.dispatcher] - Sleep for 5.090916 seconds and try again... (tryings = 843, bot id = 8715181010)
[2026-07-26 19:42:08,614] [ERROR] [aiogram.dispatcher] - Failed to fetch updates - TelegramConflictError: Telegram server says - Conflict: terminated by other getUpdates request; make sure that only one bot instance is running
[2026-07-26 19:42:08,614] [WARNING] [aiogram.dispatcher] - Sleep for 4.917076 seconds and try again... (tryings = 844, bot id = 8715181010)
[2026-07-26 19:42:18,511] [ERROR] [aiogram.dispatcher] - Failed to fetch updates - TelegramConflictError: Telegram server says - Conflict: terminated by other getUpdates request; make sure that only one bot instance is running
[2026-07-26 19:42:18,512] [WARNING] [aiogram.dispatcher] - Sleep for 5.166585 seconds and try again... (tryings = 845, bot id = 8715181010)
[2026-07-26 19:42:28,613] [ERROR] [aiogram.dispatcher] - Failed to fetch updates - TelegramConflictError: Telegram server says - Conflict: terminated by other getUpdates request; make sure that only one bot instance is running
[2026-07-26 19:42:28,614] [WARNING] [aiogram.dispatcher] - Sleep for 4.781909 seconds and try again... (tryings = 846, bot id = 8715181010)
[2026-07-26 19:42:38,366] [ERROR] [aiogram.dispatcher] - Failed to fetch updates - TelegramConflictError: Telegram server says - Conflict: terminated by other getUpdates request; make sure that only one bot instance is running
[2026-07-26 19:42:38,366] [WARNING] [aiogram.dispatcher] - Sleep for 5.058742 seconds and try again... (tryings = 847, bot id = 8715181010)
[2026-07-26 19:42:48,374] [ERROR] [aiogram.dispatcher] - Failed to fetch updates - TelegramConflictError: Telegram server says - Conflict: terminated by other getUpdates request; make sure that only one bot instance is running
[2026-07-26 19:42:48,375] [WARNING] [aiogram.dispatcher] - Sleep for 5.102215 seconds and try again... (tryings = 848, bot id = 8715181010)
[2026-07-26 19:42:58,474] [ERROR] [aiogram.dispatcher] - Failed to fetch updates - TelegramConflictError: Telegram server says - Conflict: terminated by other getUpdates request; make sure that only one bot instance is running
[2026-07-26 19:42:58,474] [WARNING] [aiogram.dispatcher] - Sleep for 4.793055 seconds and try again... (tryings = 849, bot id = 8715181010)
[2026-07-26 19:43:08,244] [ERROR] [aiogram.dispatcher] - Failed to fetch updates - TelegramConflictError: Telegram server says - Conflict: terminated by other getUpdates request; make sure that only one bot instance is running
[2026-07-26 19:43:08,245] [WARNING] [aiogram.dispatcher] - Sleep for 4.893429 seconds and try again... (tryings = 850, bot id = 8715181010)
[2026-07-26 19:43:18,399] [ERROR] [aiogram.dispatcher] - Failed to fetch updates - TelegramConflictError: Telegram server says - Conflict: terminated by other getUpdates request; make sure that only one bot instance is running
[2026-07-26 19:43:18,399] [WARNING] [aiogram.dispatcher] - Sleep for 4.961549 seconds and try again... (tryings = 851, bot id = 8715181010)
[2026-07-26 19:43:28,372] [ERROR] [aiogram.dispatcher] - Failed to fetch updates - TelegramConflictError: Telegram server says - Conflict: terminated by other getUpdates request; make sure that only one bot instance is running
[2026-07-26 19:43:28,373] [WARNING] [aiogram.dispatcher] - Sleep for 5.083623 seconds and try again... (tryings = 852, bot id = 8715181010)
[2026-07-26 19:43:38,659] [ERROR] [aiogram.dispatcher] - Failed to fetch updates - TelegramConflictError: Telegram server says - Conflict: terminated by other getUpdates request; make sure that only one bot instance is running
[2026-07-26 19:43:38,659] [WARNING] [aiogram.dispatcher] - Sleep for 4.979738 seconds and try again... (tryings = 853, bot id = 8715181010)
[2026-07-26 19:43:48,826] [ERROR] [aiogram.dispatcher] - Failed to fetch updates - TelegramConflictError: Telegram server says - Conflict: terminated by other getUpdates request; make sure that only one bot instance is running
[2026-07-26 19:43:48,827] [WARNING] [aiogram.dispatcher] - Sleep for 4.827040 seconds and try again... (tryings = 854, bot id = 8715181010)
[2026-07-26 19:43:58,683] [ERROR] [aiogram.dispatcher] - Failed to fetch updates - TelegramConflictError: Telegram server says - Conflict: terminated by other getUpdates request; make sure that only one bot instance is running
[2026-07-26 19:43:58,683] [WARNING] [aiogram.dispatcher] - Sleep for 4.859686 seconds and try again... (tryings = 855, bot id = 8715181010)
[2026-07-26 19:44:08,730] [ERROR] [aiogram.dispatcher] - Failed to fetch updates - TelegramConflictError: Telegram server says - Conflict: terminated by other getUpdates request; make sure that only one bot instance is running
[2026-07-26 19:44:08,730] [WARNING] [aiogram.dispatcher] - Sleep for 4.941968 seconds and try again... (tryings = 856, bot id = 8715181010)
[2026-07-26 19:44:18,729] [ERROR] [aiogram.dispatcher] - Failed to fetch updates - TelegramConflictError: Telegram server says - Conflict: terminated by other getUpdates request; make sure that only one bot instance is running
[2026-07-26 19:44:18,730] [WARNING] [aiogram.dispatcher] - Sleep for 4.846150 seconds and try again... (tryings = 857, bot id = 8715181010)
[2026-07-26 19:44:28,664] [ERROR] [aiogram.dispatcher] - Failed to fetch updates - TelegramConflictError: Telegram server says - Conflict: terminated by other getUpdates request; make sure that only one bot instance is running
[2026-07-26 19:44:28,664] [WARNING] [aiogram.dispatcher] - Sleep for 4.855234 seconds and try again... (tryings = 858, bot id = 8715181010)
[2026-07-26 19:44:38,547] [ERROR] [aiogram.dispatcher] - Failed to fetch updates - TelegramConflictError: Telegram server says - Conflict: terminated by other getUpdates request; make sure that only one bot instance is running
[2026-07-26 19:44:38,547] [WARNING] [aiogram.dispatcher] - Sleep for 5.055273 seconds and try again... (tryings = 859, bot id = 8715181010)
[2026-07-26 19:44:48,634] [ERROR] [aiogram.dispatcher] - Failed to fetch updates - TelegramConflictError: Telegram server says - Conflict: terminated by other getUpdates request; make sure that only one bot instance is running
[2026-07-26 19:44:48,634] [WARNING] [aiogram.dispatcher] - Sleep for 5.056242 seconds and try again... (tryings = 860, bot id = 8715181010)
[2026-07-26 19:44:58,634] [ERROR] [aiogram.dispatcher] - Failed to fetch updates - TelegramConflictError: Telegram server says - Conflict: terminated by other getUpdates request; make sure that only one bot instance is running
[2026-07-26 19:44:58,634] [WARNING] [aiogram.dispatcher] - Sleep for 4.907549 seconds and try again... (tryings = 861, bot id = 8715181010)
[2026-07-26 19:45:08,724] [ERROR] [aiogram.dispatcher] - Failed to fetch updates - TelegramConflictError: Telegram server says - Conflict: terminated by other getUpdates request; make sure that only one bot instance is running
[2026-07-26 19:45:08,725] [WARNING] [aiogram.dispatcher] - Sleep for 4.855305 seconds and try again... (tryings = 862, bot id = 8715181010)
[2026-07-26 19:45:18,548] [ERROR] [aiogram.dispatcher] - Failed to fetch updates - TelegramConflictError: Telegram server says - Conflict: terminated by other getUpdates request; make sure that only one bot instance is running
[2026-07-26 19:45:18,548] [WARNING] [aiogram.dispatcher] - Sleep for 5.061216 seconds and try again... (tryings = 863, bot id = 8715181010)
[2026-07-26 19:45:28,827] [ERROR] [aiogram.dispatcher] - Failed to fetch updates - TelegramConflictError: Telegram server says - Conflict: terminated by other getUpdates request; make sure that only one bot instance is running
[2026-07-26 19:45:28,827] [WARNING] [aiogram.dispatcher] - Sleep for 5.019361 seconds and try again... (tryings = 864, bot id = 8715181010)
[2026-07-26 19:45:38,973] [ERROR] [aiogram.dispatcher] - Failed to fetch updates - TelegramConflictError: Telegram server says - Conflict: terminated by other getUpdates request; make sure that only one bot instance is running
[2026-07-26 19:45:38,973] [WARNING] [aiogram.dispatcher] - Sleep for 5.140352 seconds and try again... (tryings = 865, bot id = 8715181010)
[2026-07-26 19:45:48,168] [ERROR] [aiogram.dispatcher] - Failed to fetch updates - TelegramConflictError: Telegram server says - Conflict: terminated by other getUpdates request; make sure that only one bot instance is running
[2026-07-26 19:45:48,169] [WARNING] [aiogram.dispatcher] - Sleep for 4.997038 seconds and try again... (tryings = 866, bot id = 8715181010)
[2026-07-26 19:45:57,473] [ERROR] [aiogram.dispatcher] - Failed to fetch updates - TelegramConflictError: Telegram server says - Conflict: terminated by other getUpdates request; make sure that only one bot instance is running
[2026-07-26 19:45:57,473] [WARNING] [aiogram.dispatcher] - Sleep for 4.976306 seconds and try again... (tryings = 867, bot id = 8715181010)
[2026-07-26 19:46:07,161] [ERROR] [aiogram.dispatcher] - Failed to fetch updates - TelegramConflictError: Telegram server says - Conflict: terminated by other getUpdates request; make sure that only one bot instance is running
[2026-07-26 19:46:07,161] [WARNING] [aiogram.dispatcher] - Sleep for 4.872367 seconds and try again... (tryings = 868, bot id = 8715181010)
[2026-07-26 19:46:17,235] [ERROR] [aiogram.dispatcher] - Failed to fetch updates - TelegramConflictError: Telegram server says - Conflict: terminated by other getUpdates request; make sure that only one bot instance is running
[2026-07-26 19:46:17,235] [WARNING] [aiogram.dispatcher] - Sleep for 5.050237 seconds and try again... (tryings = 869, bot id = 8715181010)
[2026-07-26 19:46:28,144] [ERROR] [aiogram.dispatcher] - Failed to fetch updates - TelegramConflictError: Telegram server says - Conflict: terminated by other getUpdates request; make sure that only one bot instance is running
[2026-07-26 19:46:28,144] [WARNING] [aiogram.dispatcher] - Sleep for 5.148336 seconds and try again... (tryings = 870, bot id = 8715181010)
[2026-07-26 19:46:33,136] [INFO] [bot.services.scheduler] - 🔁 materialize_subscription_state: проход по 6 ключам
[2026-07-26 19:46:33,302] [INFO] [bot.services.panels.xui] - Обновлён клиент user_DerAndrey_1d544 через clients API: expiry=2026-07-28 17:19, limit=1000.0 ГБ, enable=True
[2026-07-26 19:46:33,337] [INFO] [bot.services.panels.xui] - Обновлён клиент user_Godmajik_a6ec1 через clients API: expiry=2026-07-29 08:07, limit=1000.0 ГБ, enable=True
[2026-07-26 19:46:33,379] [INFO] [bot.services.panels.xui] - Обновлён клиент user_Aleksei_Mezentcev_4cf71 через clients API: expiry=2026-07-29 09:51, limit=1000.0 ГБ, enable=True
[2026-07-26 19:46:33,425] [INFO] [bot.services.panels.xui] - Обновлён клиент user_alena_samovolnikova_696a3 через clients API: expiry=2026-08-01 17:16, limit=1000.0 ГБ, enable=True
[2026-07-26 19:46:33,456] [INFO] [bot.services.panels.xui] - Обновлён клиент user_deilja_70301 через clients API: expiry=2026-08-19 21:29, limit=1000.0 ГБ, enable=True
[2026-07-26 19:46:33,488] [INFO] [bot.services.panels.xui] - Обновлён клиент user_1670537525_642a6 через clients API: expiry=2026-07-27 06:15, limit=100.0 ГБ, enable=True
[2026-07-26 19:46:33,488] [INFO] [bot.services.scheduler] - 🔁 materialize_subscription_state завершён: {'created': 0, 'deleted': 0, 'updated': 6, 'enabled': 0, 'disabled': 0, 'reset': 0, 'skipped': 12, 'errors': 0}
[2026-07-26 19:46:36,904] [ERROR] [aiogram.dispatcher] - Failed to fetch updates - TelegramConflictError: Telegram server says - Conflict: terminated by other getUpdates request; make sure that only one bot instance is running
[2026-07-26 19:46:36,905] [WARNING] [aiogram.dispatcher] - Sleep for 5.163481 seconds and try again... (tryings = 871, bot id = 8715181010)
[2026-07-26 19:46:46,807] [ERROR] [aiogram.dispatcher] - Failed to fetch updates - TelegramConflictError: Telegram server says - Conflict: terminated by other getUpdates request; make sure that only one bot instance is running
[2026-07-26 19:46:46,807] [WARNING] [aiogram.dispatcher] - Sleep for 4.926487 seconds and try again... (tryings = 872, bot id = 8715181010)
[2026-07-26 19:46:56,805] [ERROR] [aiogram.dispatcher] - Failed to fetch updates - TelegramConflictError: Telegram server says - Conflict: terminated by other getUpdates request; make sure that only one bot instance is running
[2026-07-26 19:46:56,805] [WARNING] [aiogram.dispatcher] - Sleep for 4.957260 seconds and try again... (tryings = 873, bot id = 8715181010)
[2026-07-26 19:47:06,836] [ERROR] [aiogram.dispatcher] - Failed to fetch updates - TelegramConflictError: Telegram server says - Conflict: terminated by other getUpdates request; make sure that only one bot instance is running
[2026-07-26 19:47:06,836] [WARNING] [aiogram.dispatcher] - Sleep for 4.849692 seconds and try again... (tryings = 874, bot id = 8715181010)
[2026-07-26 19:47:16,833] [ERROR] [aiogram.dispatcher] - Failed to fetch updates - TelegramConflictError: Telegram server says - Conflict: terminated by other getUpdates request; make sure that only one bot instance is running
[2026-07-26 19:47:16,833] [WARNING] [aiogram.dispatcher] - Sleep for 4.959653 seconds and try again... (tryings = 875, bot id = 8715181010)
[2026-07-26 19:47:26,911] [ERROR] [aiogram.dispatcher] - Failed to fetch updates - TelegramConflictError: Telegram server says - Conflict: terminated by other getUpdates request; make sure that only one bot instance is running
[2026-07-26 19:47:26,911] [WARNING] [aiogram.dispatcher] - Sleep for 5.158139 seconds and try again... (tryings = 876, bot id = 8715181010)
[2026-07-26 19:47:37,065] [ERROR] [aiogram.dispatcher] - Failed to fetch updates - TelegramConflictError: Telegram server says - Conflict: terminated by other getUpdates request; make sure that only one bot instance is running
[2026-07-26 19:47:37,066] [WARNING] [aiogram.dispatcher] - Sleep for 5.050750 seconds and try again... (tryings = 877, bot id = 8715181010)
[2026-07-26 19:47:47,236] [ERROR] [aiogram.dispatcher] - Failed to fetch updates - TelegramConflictError: Telegram server says - Conflict: terminated by other getUpdates request; make sure that only one bot instance is running
[2026-07-26 19:47:47,237] [WARNING] [aiogram.dispatcher] - Sleep for 4.925581 seconds and try again... (tryings = 878, bot id = 8715181010)
[2026-07-26 19:47:57,246] [ERROR] [aiogram.dispatcher] - Failed to fetch updates - TelegramConflictError: Telegram server says - Conflict: terminated by other getUpdates request; make sure that only one bot instance is running
[2026-07-26 19:47:57,246] [WARNING] [aiogram.dispatcher] - Sleep for 4.920912 seconds and try again... (tryings = 879, bot id = 8715181010)
[2026-07-26 19:48:07,269] [ERROR] [aiogram.dispatcher] - Failed to fetch updates - TelegramConflictError: Telegram server says - Conflict: terminated by other getUpdates request; make sure that only one bot instance is running
[2026-07-26 19:48:07,269] [WARNING] [aiogram.dispatcher] - Sleep for 5.147813 seconds and try again... (tryings = 880, bot id = 8715181010)
[2026-07-26 19:48:17,471] [ERROR] [aiogram.dispatcher] - Failed to fetch updates - TelegramConflictError: Telegram server says - Conflict: terminated by other getUpdates request; make sure that only one bot instance is running
[2026-07-26 19:48:17,471] [WARNING] [aiogram.dispatcher] - Sleep for 4.751007 seconds and try again... (tryings = 881, bot id = 8715181010)
[2026-07-26 19:48:27,132] [ERROR] [aiogram.dispatcher] - Failed to fetch updates - TelegramConflictError: Telegram server says - Conflict: terminated by other getUpdates request; make sure that only one bot instance is running
[2026-07-26 19:48:27,132] [WARNING] [aiogram.dispatcher] - Sleep for 4.958189 seconds and try again... (tryings = 882, bot id = 8715181010)
[2026-07-26 19:48:37,159] [ERROR] [aiogram.dispatcher] - Failed to fetch updates - TelegramConflictError: Telegram server says - Conflict: terminated by other getUpdates request; make sure that only one bot instance is running
[2026-07-26 19:48:37,159] [WARNING] [aiogram.dispatcher] - Sleep for 5.284791 seconds and try again... (tryings = 883, bot id = 8715181010)
[2026-07-26 19:48:47,596] [ERROR] [aiogram.dispatcher] - Failed to fetch updates - TelegramConflictError: Telegram server says - Conflict: terminated by other getUpdates request; make sure that only one bot instance is running
[2026-07-26 19:48:47,597] [WARNING] [aiogram.dispatcher] - Sleep for 4.942102 seconds and try again... (tryings = 884, bot id = 8715181010)
[2026-07-26 19:48:57,616] [ERROR] [aiogram.dispatcher] - Failed to fetch updates - TelegramConflictError: Telegram server says - Conflict: terminated by other getUpdates request; make sure that only one bot instance is running
[2026-07-26 19:48:57,617] [WARNING] [aiogram.dispatcher] - Sleep for 4.759824 seconds and try again... (tryings = 885, bot id = 8715181010)
[2026-07-26 19:49:07,443] [ERROR] [aiogram.dispatcher] - Failed to fetch updates - TelegramConflictError: Telegram server says - Conflict: terminated by other getUpdates request; make sure that only one bot instance is running
[2026-07-26 19:49:07,443] [WARNING] [aiogram.dispatcher] - Sleep for 5.221889 seconds and try again... (tryings = 886, bot id = 8715181010)
[2026-07-26 19:49:17,793] [ERROR] [aiogram.dispatcher] - Failed to fetch updates - TelegramConflictError: Telegram server says - Conflict: terminated by other getUpdates request; make sure that only one bot instance is running
[2026-07-26 19:49:17,794] [WARNING] [aiogram.dispatcher] - Sleep for 4.964529 seconds and try again... (tryings = 887, bot id = 8715181010)
[2026-07-26 19:49:27,968] [ERROR] [aiogram.dispatcher] - Failed to fetch updates - TelegramConflictError: Telegram server says - Conflict: terminated by other getUpdates request; make sure that only one bot instance is running
[2026-07-26 19:49:27,968] [WARNING] [aiogram.dispatcher] - Sleep for 4.823695 seconds and try again... (tryings = 888, bot id = 8715181010)
[2026-07-26 19:49:37,919] [ERROR] [aiogram.dispatcher] - Failed to fetch updates - TelegramConflictError: Telegram server says - Conflict: terminated by other getUpdates request; make sure that only one bot instance is running
[2026-07-26 19:49:37,919] [WARNING] [aiogram.dispatcher] - Sleep for 5.198217 seconds and try again... (tryings = 889, bot id = 8715181010)
[2026-07-26 19:49:48,204] [ERROR] [aiogram.dispatcher] - Failed to fetch updates - TelegramConflictError: Telegram server says - Conflict: terminated by other getUpdates request; make sure that only one bot instance is running
[2026-07-26 19:49:48,204] [WARNING] [aiogram.dispatcher] - Sleep for 4.992469 seconds and try again... (tryings = 890, bot id = 8715181010)
[2026-07-26 19:49:58,155] [ERROR] [aiogram.dispatcher] - Failed to fetch updates - TelegramConflictError: Telegram server says - Conflict: terminated by other getUpdates request; make sure that only one bot instance is running
[2026-07-26 19:49:58,156] [WARNING] [aiogram.dispatcher] - Sleep for 5.104435 seconds and try again... (tryings = 891, bot id = 8715181010)
[2026-07-26 19:50:08,337] [ERROR] [aiogram.dispatcher] - Failed to fetch updates - TelegramConflictError: Telegram server says - Conflict: terminated by other getUpdates request; make sure that only one bot instance is running
[2026-07-26 19:50:08,338] [WARNING] [aiogram.dispatcher] - Sleep for 5.217981 seconds and try again... (tryings = 892, bot id = 8715181010)
[2026-07-26 19:50:18,638] [ERROR] [aiogram.dispatcher] - Failed to fetch updates - TelegramConflictError: Telegram server says - Conflict: terminated by other getUpdates request; make sure that only one bot instance is running
[2026-07-26 19:50:18,638] [WARNING] [aiogram.dispatcher] - Sleep for 5.016487 seconds and try again... (tryings = 893, bot id = 8715181010)
[2026-07-26 19:50:28,860] [ERROR] [aiogram.dispatcher] - Failed to fetch updates - TelegramConflictError: Telegram server says - Conflict: terminated by other getUpdates request; make sure that only one bot instance is running
[2026-07-26 19:50:28,860] [WARNING] [aiogram.dispatcher] - Sleep for 4.968682 seconds and try again... (tryings = 894, bot id = 8715181010)
[2026-07-26 19:50:38,844] [ERROR] [aiogram.dispatcher] - Failed to fetch updates - TelegramConflictError: Telegram server says - Conflict: terminated by other getUpdates request; make sure that only one bot instance is running
[2026-07-26 19:50:38,844] [WARNING] [aiogram.dispatcher] - Sleep for 4.940739 seconds and try again... (tryings = 895, bot id = 8715181010)
[2026-07-26 19:50:48,759] [ERROR] [aiogram.dispatcher] - Failed to fetch updates - TelegramConflictError: Telegram server says - Conflict: terminated by other getUpdates request; make sure that only one bot instance is running
[2026-07-26 19:50:48,759] [WARNING] [aiogram.dispatcher] - Sleep for 4.984472 seconds and try again... (tryings = 896, bot id = 8715181010)
[2026-07-26 19:50:58,928] [ERROR] [aiogram.dispatcher] - Failed to fetch updates - TelegramConflictError: Telegram server says - Conflict: terminated by other getUpdates request; make sure that only one bot instance is running
[2026-07-26 19:50:58,929] [WARNING] [aiogram.dispatcher] - Sleep for 4.909914 seconds and try again... (tryings = 897, bot id = 8715181010)
[2026-07-26 19:51:08,969] [ERROR] [aiogram.dispatcher] - Failed to fetch updates - TelegramConflictError: Telegram server says - Conflict: terminated by other getUpdates request; make sure that only one bot instance is running
[2026-07-26 19:51:08,970] [WARNING] [aiogram.dispatcher] - Sleep for 4.952770 seconds and try again... (tryings = 898, bot id = 8715181010)
[2026-07-26 19:51:19,025] [ERROR] [aiogram.dispatcher] - Failed to fetch updates - TelegramConflictError: Telegram server says - Conflict: terminated by other getUpdates request; make sure that only one bot instance is running
[2026-07-26 19:51:19,026] [WARNING] [aiogram.dispatcher] - Sleep for 4.949497 seconds and try again... (tryings = 899, bot id = 8715181010)
[2026-07-26 19:51:29,149] [ERROR] [aiogram.dispatcher] - Failed to fetch updates - TelegramConflictError: Telegram server says - Conflict: terminated by other getUpdates request; make sure that only one bot instance is running
[2026-07-26 19:51:29,149] [WARNING] [aiogram.dispatcher] - Sleep for 4.846220 seconds and try again... (tryings = 900, bot id = 8715181010)
[2026-07-26 19:51:38,936] [ERROR] [aiogram.dispatcher] - Failed to fetch updates - TelegramConflictError: Telegram server says - Conflict: terminated by other getUpdates request; make sure that only one bot instance is running
[2026-07-26 19:51:38,937] [WARNING] [aiogram.dispatcher] - Sleep for 4.985400 seconds and try again... (tryings = 901, bot id = 8715181010)
[2026-07-26 19:51:48,920] [ERROR] [aiogram.dispatcher] - Failed to fetch updates - TelegramConflictError: Telegram server says - Conflict: terminated by other getUpdates request; make sure that only one bot instance is running
[2026-07-26 19:51:48,921] [WARNING] [aiogram.dispatcher] - Sleep for 5.107105 seconds and try again... (tryings = 902, bot id = 8715181010)
[2026-07-26 19:51:59,104] [ERROR] [aiogram.dispatcher] - Failed to fetch updates - TelegramConflictError: Telegram server says - Conflict: terminated by other getUpdates request; make sure that only one bot instance is running
[2026-07-26 19:51:59,104] [WARNING] [aiogram.dispatcher] - Sleep for 5.007593 seconds and try again... (tryings = 903, bot id = 8715181010)
[2026-07-26 19:52:08,979] [ERROR] [aiogram.dispatcher] - Failed to fetch updates - TelegramConflictError: Telegram server says - Conflict: terminated by other getUpdates request; make sure that only one bot instance is running
[2026-07-26 19:52:08,979] [WARNING] [aiogram.dispatcher] - Sleep for 4.964237 seconds and try again... (tryings = 904, bot id = 8715181010)
[2026-07-26 19:52:18,892] [ERROR] [aiogram.dispatcher] - Failed to fetch updates - TelegramConflictError: Telegram server says - Conflict: terminated by other getUpdates request; make sure that only one bot instance is running
[2026-07-26 19:52:18,892] [WARNING] [aiogram.dispatcher] - Sleep for 5.023350 seconds and try again... (tryings = 905, bot id = 8715181010)
[2026-07-26 19:52:28,856] [ERROR] [aiogram.dispatcher] - Failed to fetch updates - TelegramConflictError: Telegram server says - Conflict: terminated by other getUpdates request; make sure that only one bot instance is running
[2026-07-26 19:52:28,856] [WARNING] [aiogram.dispatcher] - Sleep for 4.999565 seconds and try again... (tryings = 906, bot id = 8715181010)
[2026-07-26 19:52:39,041] [ERROR] [aiogram.dispatcher] - Failed to fetch updates - TelegramConflictError: Telegram server says - Conflict: terminated by other getUpdates request; make sure that only one bot instance is running
[2026-07-26 19:52:39,042] [WARNING] [aiogram.dispatcher] - Sleep for 4.878282 seconds and try again... (tryings = 907, bot id = 8715181010)
[2026-07-26 19:52:49,051] [ERROR] [aiogram.dispatcher] - Failed to fetch updates - TelegramConflictError: Telegram server says - Conflict: terminated by other getUpdates request; make sure that only one bot instance is running
[2026-07-26 19:52:49,051] [WARNING] [aiogram.dispatcher] - Sleep for 4.837742 seconds and try again... (tryings = 908, bot id = 8715181010)
[2026-07-26 19:52:58,943] [ERROR] [aiogram.dispatcher] - Failed to fetch updates - TelegramConflictError: Telegram server says - Conflict: terminated by other getUpdates request; make sure that only one bot instance is running
[2026-07-26 19:52:58,943] [WARNING] [aiogram.dispatcher] - Sleep for 4.957093 seconds and try again... (tryings = 909, bot id = 8715181010)
[2026-07-26 19:53:09,146] [ERROR] [aiogram.dispatcher] - Failed to fetch updates - TelegramConflictError: Telegram server says - Conflict: terminated by other getUpdates request; make sure that only one bot instance is running
[2026-07-26 19:53:09,147] [WARNING] [aiogram.dispatcher] - Sleep for 5.032552 seconds and try again... (tryings = 910, bot id = 8715181010)
[2026-07-26 19:53:19,285] [ERROR] [aiogram.dispatcher] - Failed to fetch updates - TelegramConflictError: Telegram server says - Conflict: terminated by other getUpdates request; make sure that only one bot instance is running
[2026-07-26 19:53:19,286] [WARNING] [aiogram.dispatcher] - Sleep for 4.953034 seconds and try again... (tryings = 911, bot id = 8715181010)
[2026-07-26 19:53:29,261] [ERROR] [aiogram.dispatcher] - Failed to fetch updates - TelegramConflictError: Telegram server says - Conflict: terminated by other getUpdates request; make sure that only one bot instance is running
[2026-07-26 19:53:29,261] [WARNING] [aiogram.dispatcher] - Sleep for 4.926134 seconds and try again... (tryings = 912, bot id = 8715181010)
[2026-07-26 19:53:39,183] [ERROR] [aiogram.dispatcher] - Failed to fetch updates - TelegramConflictError: Telegram server says - Conflict: terminated by other getUpdates request; make sure that only one bot instance is running
[2026-07-26 19:53:39,184] [WARNING] [aiogram.dispatcher] - Sleep for 5.112277 seconds and try again... (tryings = 913, bot id = 8715181010)
[2026-07-26 19:53:49,222] [ERROR] [aiogram.dispatcher] - Failed to fetch updates - TelegramConflictError: Telegram server says - Conflict: terminated by other getUpdates request; make sure that only one bot instance is running
[2026-07-26 19:53:49,223] [WARNING] [aiogram.dispatcher] - Sleep for 4.773280 seconds and try again... (tryings = 914, bot id = 8715181010)
[2026-07-26 19:53:59,184] [ERROR] [aiogram.dispatcher] - Failed to fetch updates - TelegramConflictError: Telegram server says - Conflict: terminated by other getUpdates request; make sure that only one bot instance is running
[2026-07-26 19:53:59,184] [WARNING] [aiogram.dispatcher] - Sleep for 5.083783 seconds and try again... (tryings = 915, bot id = 8715181010)
[2026-07-26 19:54:09,523] [ERROR] [aiogram.dispatcher] - Failed to fetch updates - TelegramConflictError: Telegram server says - Conflict: terminated by other getUpdates request; make sure that only one bot instance is running
[2026-07-26 19:54:09,523] [WARNING] [aiogram.dispatcher] - Sleep for 4.872518 seconds and try again... (tryings = 916, bot id = 8715181010)
[2026-07-26 19:54:19,579] [ERROR] [aiogram.dispatcher] - Failed to fetch updates - TelegramConflictError: Telegram server says - Conflict: terminated by other getUpdates request; make sure that only one bot instance is running
[2026-07-26 19:54:19,579] [WARNING] [aiogram.dispatcher] - Sleep for 4.922534 seconds and try again... (tryings = 917, bot id = 8715181010)
[2026-07-26 19:54:29,544] [ERROR] [aiogram.dispatcher] - Failed to fetch updates - TelegramConflictError: Telegram server says - Conflict: terminated by other getUpdates request; make sure that only one bot instance is running
[2026-07-26 19:54:29,545] [WARNING] [aiogram.dispatcher] - Sleep for 4.930852 seconds and try again... (tryings = 918, bot id = 8715181010)
[2026-07-26 19:54:40,165] [ERROR] [aiogram.dispatcher] - Failed to fetch updates - TelegramConflictError: Telegram server says - Conflict: terminated by other getUpdates request; make sure that only one bot instance is running
[2026-07-26 19:54:40,166] [WARNING] [aiogram.dispatcher] - Sleep for 5.227600 seconds and try again... (tryings = 919, bot id = 8715181010)
[2026-07-26 19:54:50,475] [ERROR] [aiogram.dispatcher] - Failed to fetch updates - TelegramConflictError: Telegram server says - Conflict: terminated by other getUpdates request; make sure that only one bot instance is running
[2026-07-26 19:54:50,476] [WARNING] [aiogram.dispatcher] - Sleep for 4.923466 seconds and try again... (tryings = 920, bot id = 8715181010)
[2026-07-26 19:55:00,332] [ERROR] [aiogram.dispatcher] - Failed to fetch updates - TelegramConflictError: Telegram server says - Conflict: terminated by other getUpdates request; make sure that only one bot instance is running
[2026-07-26 19:55:00,332] [WARNING] [aiogram.dispatcher] - Sleep for 5.214294 seconds and try again... (tryings = 921, bot id = 8715181010)
[2026-07-26 19:55:10,528] [ERROR] [aiogram.dispatcher] - Failed to fetch updates - TelegramConflictError: Telegram server says - Conflict: terminated by other getUpdates request; make sure that only one bot instance is running
[2026-07-26 19:55:10,529] [WARNING] [aiogram.dispatcher] - Sleep for 5.024440 seconds and try again... (tryings = 922, bot id = 8715181010)
[2026-07-26 19:55:20,545] [ERROR] [aiogram.dispatcher] - Failed to fetch updates - TelegramConflictError: Telegram server says - Conflict: terminated by other getUpdates request; make sure that only one bot instance is running
[2026-07-26 19:55:20,545] [WARNING] [aiogram.dispatcher] - Sleep for 5.040060 seconds and try again... (tryings = 923, bot id = 8715181010)
[2026-07-26 19:55:30,518] [ERROR] [aiogram.dispatcher] - Failed to fetch updates - TelegramConflictError: Telegram server says - Conflict: terminated by other getUpdates request; make sure that only one bot instance is running
[2026-07-26 19:55:30,518] [WARNING] [aiogram.dispatcher] - Sleep for 5.072913 seconds and try again... (tryings = 924, bot id = 8715181010)
[2026-07-26 19:55:40,783] [ERROR] [aiogram.dispatcher] - Failed to fetch updates - TelegramConflictError: Telegram server says - Conflict: terminated by other getUpdates request; make sure that only one bot instance is running
[2026-07-26 19:55:40,784] [WARNING] [aiogram.dispatcher] - Sleep for 5.146299 seconds and try again... (tryings = 925, bot id = 8715181010)
[2026-07-26 19:55:50,818] [ERROR] [aiogram.dispatcher] - Failed to fetch updates - TelegramConflictError: Telegram server says - Conflict: terminated by other getUpdates request; make sure that only one bot instance is running
[2026-07-26 19:55:50,819] [WARNING] [aiogram.dispatcher] - Sleep for 4.866169 seconds and try again... (tryings = 926, bot id = 8715181010)
[2026-07-26 19:56:00,609] [WARNING] [aiogram.dispatcher] - Received SIGTERM signal
[2026-07-26 19:56:00,615] [INFO] [aiogram.dispatcher] - Polling stopped for bot @XFI_VPN_bot id=8715181010 - 'XFi'
[2026-07-26 19:56:00,615] [INFO] [aiogram.dispatcher] - Polling stopped
[2026-07-26 19:56:00,617] [INFO] [__main__] - 🛑 Бот останавливается...
[2026-07-26 19:56:00,620] [INFO] [__main__] - ✅ Бот остановлен
[2026-07-26 19:56:00,878] [INFO] [bot.services.scheduler] - Планировщик ежедневных задач остановлен
[2026-07-26 19:56:00,878] [INFO] [bot.services.scheduler] - Планировщик обновлений остановлен
[2026-07-26 19:56:00,878] [INFO] [bot.services.scheduler] - Планировщик синхронизации трафика остановлен
